colour	x	y	key	showSelected1	showSelected2	fill
#00BF7D	1952	28.801	1952	Afghanistan	Asia	#00BF7D
#00BF7D	1957	30.332	1957	Afghanistan	Asia	#00BF7D
#00BF7D	1962	31.997	1962	Afghanistan	Asia	#00BF7D
#00BF7D	1967	34.02	1967	Afghanistan	Asia	#00BF7D
#00BF7D	1972	36.088	1972	Afghanistan	Asia	#00BF7D
#00BF7D	1977	38.438	1977	Afghanistan	Asia	#00BF7D
#00BF7D	1982	39.854	1982	Afghanistan	Asia	#00BF7D
#00BF7D	1987	40.822	1987	Afghanistan	Asia	#00BF7D
#00BF7D	1992	41.674	1992	Afghanistan	Asia	#00BF7D
#00BF7D	1997	41.763	1997	Afghanistan	Asia	#00BF7D
#00BF7D	2002	42.129	2002	Afghanistan	Asia	#00BF7D
#00BF7D	2007	43.828	2007	Afghanistan	Asia	#00BF7D
#00B0F6	1952	55.23	1952	Albania	Europe	#00B0F6
#00B0F6	1957	59.28	1957	Albania	Europe	#00B0F6
#00B0F6	1962	64.82	1962	Albania	Europe	#00B0F6
#00B0F6	1967	66.22	1967	Albania	Europe	#00B0F6
#00B0F6	1972	67.69	1972	Albania	Europe	#00B0F6
#00B0F6	1977	68.93	1977	Albania	Europe	#00B0F6
#00B0F6	1982	70.42	1982	Albania	Europe	#00B0F6
#00B0F6	1987	72	1987	Albania	Europe	#00B0F6
#00B0F6	1992	71.581	1992	Albania	Europe	#00B0F6
#00B0F6	1997	72.95	1997	Albania	Europe	#00B0F6
#00B0F6	2002	75.651	2002	Albania	Europe	#00B0F6
#00B0F6	2007	76.423	2007	Albania	Europe	#00B0F6
#F8766D	1952	43.077	1952	Algeria	Africa	#F8766D
#F8766D	1957	45.685	1957	Algeria	Africa	#F8766D
#F8766D	1962	48.303	1962	Algeria	Africa	#F8766D
#F8766D	1967	51.407	1967	Algeria	Africa	#F8766D
#F8766D	1972	54.518	1972	Algeria	Africa	#F8766D
#F8766D	1977	58.014	1977	Algeria	Africa	#F8766D
#F8766D	1982	61.368	1982	Algeria	Africa	#F8766D
#F8766D	1987	65.799	1987	Algeria	Africa	#F8766D
#F8766D	1992	67.744	1992	Algeria	Africa	#F8766D
#F8766D	1997	69.152	1997	Algeria	Africa	#F8766D
#F8766D	2002	70.994	2002	Algeria	Africa	#F8766D
#F8766D	2007	72.301	2007	Algeria	Africa	#F8766D
#F8766D	1952	30.015	1952	Angola	Africa	#F8766D
#F8766D	1957	31.999	1957	Angola	Africa	#F8766D
#F8766D	1962	34	1962	Angola	Africa	#F8766D
#F8766D	1967	35.985	1967	Angola	Africa	#F8766D
#F8766D	1972	37.928	1972	Angola	Africa	#F8766D
#F8766D	1977	39.483	1977	Angola	Africa	#F8766D
#F8766D	1982	39.942	1982	Angola	Africa	#F8766D
#F8766D	1987	39.906	1987	Angola	Africa	#F8766D
#F8766D	1992	40.647	1992	Angola	Africa	#F8766D
#F8766D	1997	40.963	1997	Angola	Africa	#F8766D
#F8766D	2002	41.003	2002	Angola	Africa	#F8766D
#F8766D	2007	42.731	2007	Angola	Africa	#F8766D
#A3A500	1952	62.485	1952	Argentina	Americas	#A3A500
#A3A500	1957	64.399	1957	Argentina	Americas	#A3A500
#A3A500	1962	65.142	1962	Argentina	Americas	#A3A500
#A3A500	1967	65.634	1967	Argentina	Americas	#A3A500
#A3A500	1972	67.065	1972	Argentina	Americas	#A3A500
#A3A500	1977	68.481	1977	Argentina	Americas	#A3A500
#A3A500	1982	69.942	1982	Argentina	Americas	#A3A500
#A3A500	1987	70.774	1987	Argentina	Americas	#A3A500
#A3A500	1992	71.868	1992	Argentina	Americas	#A3A500
#A3A500	1997	73.275	1997	Argentina	Americas	#A3A500
#A3A500	2002	74.34	2002	Argentina	Americas	#A3A500
#A3A500	2007	75.32	2007	Argentina	Americas	#A3A500
#E76BF3	1952	69.12	1952	Australia	Oceania	#E76BF3
#E76BF3	1957	70.33	1957	Australia	Oceania	#E76BF3
#E76BF3	1962	70.93	1962	Australia	Oceania	#E76BF3
#E76BF3	1967	71.1	1967	Australia	Oceania	#E76BF3
#E76BF3	1972	71.93	1972	Australia	Oceania	#E76BF3
#E76BF3	1977	73.49	1977	Australia	Oceania	#E76BF3
#E76BF3	1982	74.74	1982	Australia	Oceania	#E76BF3
#E76BF3	1987	76.32	1987	Australia	Oceania	#E76BF3
#E76BF3	1992	77.56	1992	Australia	Oceania	#E76BF3
#E76BF3	1997	78.83	1997	Australia	Oceania	#E76BF3
#E76BF3	2002	80.37	2002	Australia	Oceania	#E76BF3
#E76BF3	2007	81.235	2007	Australia	Oceania	#E76BF3
#00B0F6	1952	66.8	1952	Austria	Europe	#00B0F6
#00B0F6	1957	67.48	1957	Austria	Europe	#00B0F6
#00B0F6	1962	69.54	1962	Austria	Europe	#00B0F6
#00B0F6	1967	70.14	1967	Austria	Europe	#00B0F6
#00B0F6	1972	70.63	1972	Austria	Europe	#00B0F6
#00B0F6	1977	72.17	1977	Austria	Europe	#00B0F6
#00B0F6	1982	73.18	1982	Austria	Europe	#00B0F6
#00B0F6	1987	74.94	1987	Austria	Europe	#00B0F6
#00B0F6	1992	76.04	1992	Austria	Europe	#00B0F6
#00B0F6	1997	77.51	1997	Austria	Europe	#00B0F6
#00B0F6	2002	78.98	2002	Austria	Europe	#00B0F6
#00B0F6	2007	79.829	2007	Austria	Europe	#00B0F6
#00BF7D	1952	50.939	1952	Bahrain	Asia	#00BF7D
#00BF7D	1957	53.832	1957	Bahrain	Asia	#00BF7D
#00BF7D	1962	56.923	1962	Bahrain	Asia	#00BF7D
#00BF7D	1967	59.923	1967	Bahrain	Asia	#00BF7D
#00BF7D	1972	63.3	1972	Bahrain	Asia	#00BF7D
#00BF7D	1977	65.593	1977	Bahrain	Asia	#00BF7D
#00BF7D	1982	69.052	1982	Bahrain	Asia	#00BF7D
#00BF7D	1987	70.75	1987	Bahrain	Asia	#00BF7D
#00BF7D	1992	72.601	1992	Bahrain	Asia	#00BF7D
#00BF7D	1997	73.925	1997	Bahrain	Asia	#00BF7D
#00BF7D	2002	74.795	2002	Bahrain	Asia	#00BF7D
#00BF7D	2007	75.635	2007	Bahrain	Asia	#00BF7D
#00BF7D	1952	37.484	1952	Bangladesh	Asia	#00BF7D
#00BF7D	1957	39.348	1957	Bangladesh	Asia	#00BF7D
#00BF7D	1962	41.216	1962	Bangladesh	Asia	#00BF7D
#00BF7D	1967	43.453	1967	Bangladesh	Asia	#00BF7D
#00BF7D	1972	45.252	1972	Bangladesh	Asia	#00BF7D
#00BF7D	1977	46.923	1977	Bangladesh	Asia	#00BF7D
#00BF7D	1982	50.009	1982	Bangladesh	Asia	#00BF7D
#00BF7D	1987	52.819	1987	Bangladesh	Asia	#00BF7D
#00BF7D	1992	56.018	1992	Bangladesh	Asia	#00BF7D
#00BF7D	1997	59.412	1997	Bangladesh	Asia	#00BF7D
#00BF7D	2002	62.013	2002	Bangladesh	Asia	#00BF7D
#00BF7D	2007	64.062	2007	Bangladesh	Asia	#00BF7D
#00B0F6	1952	68	1952	Belgium	Europe	#00B0F6
#00B0F6	1957	69.24	1957	Belgium	Europe	#00B0F6
#00B0F6	1962	70.25	1962	Belgium	Europe	#00B0F6
#00B0F6	1967	70.94	1967	Belgium	Europe	#00B0F6
#00B0F6	1972	71.44	1972	Belgium	Europe	#00B0F6
#00B0F6	1977	72.8	1977	Belgium	Europe	#00B0F6
#00B0F6	1982	73.93	1982	Belgium	Europe	#00B0F6
#00B0F6	1987	75.35	1987	Belgium	Europe	#00B0F6
#00B0F6	1992	76.46	1992	Belgium	Europe	#00B0F6
#00B0F6	1997	77.53	1997	Belgium	Europe	#00B0F6
#00B0F6	2002	78.32	2002	Belgium	Europe	#00B0F6
#00B0F6	2007	79.441	2007	Belgium	Europe	#00B0F6
#F8766D	1952	38.223	1952	Benin	Africa	#F8766D
#F8766D	1957	40.358	1957	Benin	Africa	#F8766D
#F8766D	1962	42.618	1962	Benin	Africa	#F8766D
#F8766D	1967	44.885	1967	Benin	Africa	#F8766D
#F8766D	1972	47.014	1972	Benin	Africa	#F8766D
#F8766D	1977	49.19	1977	Benin	Africa	#F8766D
#F8766D	1982	50.904	1982	Benin	Africa	#F8766D
#F8766D	1987	52.337	1987	Benin	Africa	#F8766D
#F8766D	1992	53.919	1992	Benin	Africa	#F8766D
#F8766D	1997	54.777	1997	Benin	Africa	#F8766D
#F8766D	2002	54.406	2002	Benin	Africa	#F8766D
#F8766D	2007	56.728	2007	Benin	Africa	#F8766D
#A3A500	1952	40.414	1952	Bolivia	Americas	#A3A500
#A3A500	1957	41.89	1957	Bolivia	Americas	#A3A500
#A3A500	1962	43.428	1962	Bolivia	Americas	#A3A500
#A3A500	1967	45.032	1967	Bolivia	Americas	#A3A500
#A3A500	1972	46.714	1972	Bolivia	Americas	#A3A500
#A3A500	1977	50.023	1977	Bolivia	Americas	#A3A500
#A3A500	1982	53.859	1982	Bolivia	Americas	#A3A500
#A3A500	1987	57.251	1987	Bolivia	Americas	#A3A500
#A3A500	1992	59.957	1992	Bolivia	Americas	#A3A500
#A3A500	1997	62.05	1997	Bolivia	Americas	#A3A500
#A3A500	2002	63.883	2002	Bolivia	Americas	#A3A500
#A3A500	2007	65.554	2007	Bolivia	Americas	#A3A500
#00B0F6	1952	53.82	1952	Bosnia and Herzegovina	Europe	#00B0F6
#00B0F6	1957	58.45	1957	Bosnia and Herzegovina	Europe	#00B0F6
#00B0F6	1962	61.93	1962	Bosnia and Herzegovina	Europe	#00B0F6
#00B0F6	1967	64.79	1967	Bosnia and Herzegovina	Europe	#00B0F6
#00B0F6	1972	67.45	1972	Bosnia and Herzegovina	Europe	#00B0F6
#00B0F6	1977	69.86	1977	Bosnia and Herzegovina	Europe	#00B0F6
#00B0F6	1982	70.69	1982	Bosnia and Herzegovina	Europe	#00B0F6
#00B0F6	1987	71.14	1987	Bosnia and Herzegovina	Europe	#00B0F6
#00B0F6	1992	72.178	1992	Bosnia and Herzegovina	Europe	#00B0F6
#00B0F6	1997	73.244	1997	Bosnia and Herzegovina	Europe	#00B0F6
#00B0F6	2002	74.09	2002	Bosnia and Herzegovina	Europe	#00B0F6
#00B0F6	2007	74.852	2007	Bosnia and Herzegovina	Europe	#00B0F6
#F8766D	1952	47.622	1952	Botswana	Africa	#F8766D
#F8766D	1957	49.618	1957	Botswana	Africa	#F8766D
#F8766D	1962	51.52	1962	Botswana	Africa	#F8766D
#F8766D	1967	53.298	1967	Botswana	Africa	#F8766D
#F8766D	1972	56.024	1972	Botswana	Africa	#F8766D
#F8766D	1977	59.319	1977	Botswana	Africa	#F8766D
#F8766D	1982	61.484	1982	Botswana	Africa	#F8766D
#F8766D	1987	63.622	1987	Botswana	Africa	#F8766D
#F8766D	1992	62.745	1992	Botswana	Africa	#F8766D
#F8766D	1997	52.556	1997	Botswana	Africa	#F8766D
#F8766D	2002	46.634	2002	Botswana	Africa	#F8766D
#F8766D	2007	50.728	2007	Botswana	Africa	#F8766D
#A3A500	1952	50.917	1952	Brazil	Americas	#A3A500
#A3A500	1957	53.285	1957	Brazil	Americas	#A3A500
#A3A500	1962	55.665	1962	Brazil	Americas	#A3A500
#A3A500	1967	57.632	1967	Brazil	Americas	#A3A500
#A3A500	1972	59.504	1972	Brazil	Americas	#A3A500
#A3A500	1977	61.489	1977	Brazil	Americas	#A3A500
#A3A500	1982	63.336	1982	Brazil	Americas	#A3A500
#A3A500	1987	65.205	1987	Brazil	Americas	#A3A500
#A3A500	1992	67.057	1992	Brazil	Americas	#A3A500
#A3A500	1997	69.388	1997	Brazil	Americas	#A3A500
#A3A500	2002	71.006	2002	Brazil	Americas	#A3A500
#A3A500	2007	72.39	2007	Brazil	Americas	#A3A500
#00B0F6	1952	59.6	1952	Bulgaria	Europe	#00B0F6
#00B0F6	1957	66.61	1957	Bulgaria	Europe	#00B0F6
#00B0F6	1962	69.51	1962	Bulgaria	Europe	#00B0F6
#00B0F6	1967	70.42	1967	Bulgaria	Europe	#00B0F6
#00B0F6	1972	70.9	1972	Bulgaria	Europe	#00B0F6
#00B0F6	1977	70.81	1977	Bulgaria	Europe	#00B0F6
#00B0F6	1982	71.08	1982	Bulgaria	Europe	#00B0F6
#00B0F6	1987	71.34	1987	Bulgaria	Europe	#00B0F6
#00B0F6	1992	71.19	1992	Bulgaria	Europe	#00B0F6
#00B0F6	1997	70.32	1997	Bulgaria	Europe	#00B0F6
#00B0F6	2002	72.14	2002	Bulgaria	Europe	#00B0F6
#00B0F6	2007	73.005	2007	Bulgaria	Europe	#00B0F6
#F8766D	1952	31.975	1952	Burkina Faso	Africa	#F8766D
#F8766D	1957	34.906	1957	Burkina Faso	Africa	#F8766D
#F8766D	1962	37.814	1962	Burkina Faso	Africa	#F8766D
#F8766D	1967	40.697	1967	Burkina Faso	Africa	#F8766D
#F8766D	1972	43.591	1972	Burkina Faso	Africa	#F8766D
#F8766D	1977	46.137	1977	Burkina Faso	Africa	#F8766D
#F8766D	1982	48.122	1982	Burkina Faso	Africa	#F8766D
#F8766D	1987	49.557	1987	Burkina Faso	Africa	#F8766D
#F8766D	1992	50.26	1992	Burkina Faso	Africa	#F8766D
#F8766D	1997	50.324	1997	Burkina Faso	Africa	#F8766D
#F8766D	2002	50.65	2002	Burkina Faso	Africa	#F8766D
#F8766D	2007	52.295	2007	Burkina Faso	Africa	#F8766D
#F8766D	1952	39.031	1952	Burundi	Africa	#F8766D
#F8766D	1957	40.533	1957	Burundi	Africa	#F8766D
#F8766D	1962	42.045	1962	Burundi	Africa	#F8766D
#F8766D	1967	43.548	1967	Burundi	Africa	#F8766D
#F8766D	1972	44.057	1972	Burundi	Africa	#F8766D
#F8766D	1977	45.91	1977	Burundi	Africa	#F8766D
#F8766D	1982	47.471	1982	Burundi	Africa	#F8766D
#F8766D	1987	48.211	1987	Burundi	Africa	#F8766D
#F8766D	1992	44.736	1992	Burundi	Africa	#F8766D
#F8766D	1997	45.326	1997	Burundi	Africa	#F8766D
#F8766D	2002	47.36	2002	Burundi	Africa	#F8766D
#F8766D	2007	49.58	2007	Burundi	Africa	#F8766D
#00BF7D	1952	39.417	1952	Cambodia	Asia	#00BF7D
#00BF7D	1957	41.366	1957	Cambodia	Asia	#00BF7D
#00BF7D	1962	43.415	1962	Cambodia	Asia	#00BF7D
#00BF7D	1967	45.415	1967	Cambodia	Asia	#00BF7D
#00BF7D	1972	40.317	1972	Cambodia	Asia	#00BF7D
#00BF7D	1977	31.22	1977	Cambodia	Asia	#00BF7D
#00BF7D	1982	50.957	1982	Cambodia	Asia	#00BF7D
#00BF7D	1987	53.914	1987	Cambodia	Asia	#00BF7D
#00BF7D	1992	55.803	1992	Cambodia	Asia	#00BF7D
#00BF7D	1997	56.534	1997	Cambodia	Asia	#00BF7D
#00BF7D	2002	56.752	2002	Cambodia	Asia	#00BF7D
#00BF7D	2007	59.723	2007	Cambodia	Asia	#00BF7D
#F8766D	1952	38.523	1952	Cameroon	Africa	#F8766D
#F8766D	1957	40.428	1957	Cameroon	Africa	#F8766D
#F8766D	1962	42.643	1962	Cameroon	Africa	#F8766D
#F8766D	1967	44.799	1967	Cameroon	Africa	#F8766D
#F8766D	1972	47.049	1972	Cameroon	Africa	#F8766D
#F8766D	1977	49.355	1977	Cameroon	Africa	#F8766D
#F8766D	1982	52.961	1982	Cameroon	Africa	#F8766D
#F8766D	1987	54.985	1987	Cameroon	Africa	#F8766D
#F8766D	1992	54.314	1992	Cameroon	Africa	#F8766D
#F8766D	1997	52.199	1997	Cameroon	Africa	#F8766D
#F8766D	2002	49.856	2002	Cameroon	Africa	#F8766D
#F8766D	2007	50.43	2007	Cameroon	Africa	#F8766D
#A3A500	1952	68.75	1952	Canada	Americas	#A3A500
#A3A500	1957	69.96	1957	Canada	Americas	#A3A500
#A3A500	1962	71.3	1962	Canada	Americas	#A3A500
#A3A500	1967	72.13	1967	Canada	Americas	#A3A500
#A3A500	1972	72.88	1972	Canada	Americas	#A3A500
#A3A500	1977	74.21	1977	Canada	Americas	#A3A500
#A3A500	1982	75.76	1982	Canada	Americas	#A3A500
#A3A500	1987	76.86	1987	Canada	Americas	#A3A500
#A3A500	1992	77.95	1992	Canada	Americas	#A3A500
#A3A500	1997	78.61	1997	Canada	Americas	#A3A500
#A3A500	2002	79.77	2002	Canada	Americas	#A3A500
#A3A500	2007	80.653	2007	Canada	Americas	#A3A500
#F8766D	1952	35.463	1952	Central African Republic	Africa	#F8766D
#F8766D	1957	37.464	1957	Central African Republic	Africa	#F8766D
#F8766D	1962	39.475	1962	Central African Republic	Africa	#F8766D
#F8766D	1967	41.478	1967	Central African Republic	Africa	#F8766D
#F8766D	1972	43.457	1972	Central African Republic	Africa	#F8766D
#F8766D	1977	46.775	1977	Central African Republic	Africa	#F8766D
#F8766D	1982	48.295	1982	Central African Republic	Africa	#F8766D
#F8766D	1987	50.485	1987	Central African Republic	Africa	#F8766D
#F8766D	1992	49.396	1992	Central African Republic	Africa	#F8766D
#F8766D	1997	46.066	1997	Central African Republic	Africa	#F8766D
#F8766D	2002	43.308	2002	Central African Republic	Africa	#F8766D
#F8766D	2007	44.741	2007	Central African Republic	Africa	#F8766D
#F8766D	1952	38.092	1952	Chad	Africa	#F8766D
#F8766D	1957	39.881	1957	Chad	Africa	#F8766D
#F8766D	1962	41.716	1962	Chad	Africa	#F8766D
#F8766D	1967	43.601	1967	Chad	Africa	#F8766D
#F8766D	1972	45.569	1972	Chad	Africa	#F8766D
#F8766D	1977	47.383	1977	Chad	Africa	#F8766D
#F8766D	1982	49.517	1982	Chad	Africa	#F8766D
#F8766D	1987	51.051	1987	Chad	Africa	#F8766D
#F8766D	1992	51.724	1992	Chad	Africa	#F8766D
#F8766D	1997	51.573	1997	Chad	Africa	#F8766D
#F8766D	2002	50.525	2002	Chad	Africa	#F8766D
#F8766D	2007	50.651	2007	Chad	Africa	#F8766D
#A3A500	1952	54.745	1952	Chile	Americas	#A3A500
#A3A500	1957	56.074	1957	Chile	Americas	#A3A500
#A3A500	1962	57.924	1962	Chile	Americas	#A3A500
#A3A500	1967	60.523	1967	Chile	Americas	#A3A500
#A3A500	1972	63.441	1972	Chile	Americas	#A3A500
#A3A500	1977	67.052	1977	Chile	Americas	#A3A500
#A3A500	1982	70.565	1982	Chile	Americas	#A3A500
#A3A500	1987	72.492	1987	Chile	Americas	#A3A500
#A3A500	1992	74.126	1992	Chile	Americas	#A3A500
#A3A500	1997	75.816	1997	Chile	Americas	#A3A500
#A3A500	2002	77.86	2002	Chile	Americas	#A3A500
#A3A500	2007	78.553	2007	Chile	Americas	#A3A500
#00BF7D	1952	44	1952	China	Asia	#00BF7D
#00BF7D	1957	50.54896	1957	China	Asia	#00BF7D
#00BF7D	1962	44.50136	1962	China	Asia	#00BF7D
#00BF7D	1967	58.38112	1967	China	Asia	#00BF7D
#00BF7D	1972	63.11888	1972	China	Asia	#00BF7D
#00BF7D	1977	63.96736	1977	China	Asia	#00BF7D
#00BF7D	1982	65.525	1982	China	Asia	#00BF7D
#00BF7D	1987	67.274	1987	China	Asia	#00BF7D
#00BF7D	1992	68.69	1992	China	Asia	#00BF7D
#00BF7D	1997	70.426	1997	China	Asia	#00BF7D
#00BF7D	2002	72.028	2002	China	Asia	#00BF7D
#00BF7D	2007	72.961	2007	China	Asia	#00BF7D
#A3A500	1952	50.643	1952	Colombia	Americas	#A3A500
#A3A500	1957	55.118	1957	Colombia	Americas	#A3A500
#A3A500	1962	57.863	1962	Colombia	Americas	#A3A500
#A3A500	1967	59.963	1967	Colombia	Americas	#A3A500
#A3A500	1972	61.623	1972	Colombia	Americas	#A3A500
#A3A500	1977	63.837	1977	Colombia	Americas	#A3A500
#A3A500	1982	66.653	1982	Colombia	Americas	#A3A500
#A3A500	1987	67.768	1987	Colombia	Americas	#A3A500
#A3A500	1992	68.421	1992	Colombia	Americas	#A3A500
#A3A500	1997	70.313	1997	Colombia	Americas	#A3A500
#A3A500	2002	71.682	2002	Colombia	Americas	#A3A500
#A3A500	2007	72.889	2007	Colombia	Americas	#A3A500
#F8766D	1952	40.715	1952	Comoros	Africa	#F8766D
#F8766D	1957	42.46	1957	Comoros	Africa	#F8766D
#F8766D	1962	44.467	1962	Comoros	Africa	#F8766D
#F8766D	1967	46.472	1967	Comoros	Africa	#F8766D
#F8766D	1972	48.944	1972	Comoros	Africa	#F8766D
#F8766D	1977	50.939	1977	Comoros	Africa	#F8766D
#F8766D	1982	52.933	1982	Comoros	Africa	#F8766D
#F8766D	1987	54.926	1987	Comoros	Africa	#F8766D
#F8766D	1992	57.939	1992	Comoros	Africa	#F8766D
#F8766D	1997	60.66	1997	Comoros	Africa	#F8766D
#F8766D	2002	62.974	2002	Comoros	Africa	#F8766D
#F8766D	2007	65.152	2007	Comoros	Africa	#F8766D
#F8766D	1952	39.143	1952	Congo, Dem. Rep.	Africa	#F8766D
#F8766D	1957	40.652	1957	Congo, Dem. Rep.	Africa	#F8766D
#F8766D	1962	42.122	1962	Congo, Dem. Rep.	Africa	#F8766D
#F8766D	1967	44.056	1967	Congo, Dem. Rep.	Africa	#F8766D
#F8766D	1972	45.989	1972	Congo, Dem. Rep.	Africa	#F8766D
#F8766D	1977	47.804	1977	Congo, Dem. Rep.	Africa	#F8766D
#F8766D	1982	47.784	1982	Congo, Dem. Rep.	Africa	#F8766D
#F8766D	1987	47.412	1987	Congo, Dem. Rep.	Africa	#F8766D
#F8766D	1992	45.548	1992	Congo, Dem. Rep.	Africa	#F8766D
#F8766D	1997	42.587	1997	Congo, Dem. Rep.	Africa	#F8766D
#F8766D	2002	44.966	2002	Congo, Dem. Rep.	Africa	#F8766D
#F8766D	2007	46.462	2007	Congo, Dem. Rep.	Africa	#F8766D
#F8766D	1952	42.111	1952	Congo, Rep.	Africa	#F8766D
#F8766D	1957	45.053	1957	Congo, Rep.	Africa	#F8766D
#F8766D	1962	48.435	1962	Congo, Rep.	Africa	#F8766D
#F8766D	1967	52.04	1967	Congo, Rep.	Africa	#F8766D
#F8766D	1972	54.907	1972	Congo, Rep.	Africa	#F8766D
#F8766D	1977	55.625	1977	Congo, Rep.	Africa	#F8766D
#F8766D	1982	56.695	1982	Congo, Rep.	Africa	#F8766D
#F8766D	1987	57.47	1987	Congo, Rep.	Africa	#F8766D
#F8766D	1992	56.433	1992	Congo, Rep.	Africa	#F8766D
#F8766D	1997	52.962	1997	Congo, Rep.	Africa	#F8766D
#F8766D	2002	52.97	2002	Congo, Rep.	Africa	#F8766D
#F8766D	2007	55.322	2007	Congo, Rep.	Africa	#F8766D
#A3A500	1952	57.206	1952	Costa Rica	Americas	#A3A500
#A3A500	1957	60.026	1957	Costa Rica	Americas	#A3A500
#A3A500	1962	62.842	1962	Costa Rica	Americas	#A3A500
#A3A500	1967	65.424	1967	Costa Rica	Americas	#A3A500
#A3A500	1972	67.849	1972	Costa Rica	Americas	#A3A500
#A3A500	1977	70.75	1977	Costa Rica	Americas	#A3A500
#A3A500	1982	73.45	1982	Costa Rica	Americas	#A3A500
#A3A500	1987	74.752	1987	Costa Rica	Americas	#A3A500
#A3A500	1992	75.713	1992	Costa Rica	Americas	#A3A500
#A3A500	1997	77.26	1997	Costa Rica	Americas	#A3A500
#A3A500	2002	78.123	2002	Costa Rica	Americas	#A3A500
#A3A500	2007	78.782	2007	Costa Rica	Americas	#A3A500
#F8766D	1952	40.477	1952	Cote d'Ivoire	Africa	#F8766D
#F8766D	1957	42.469	1957	Cote d'Ivoire	Africa	#F8766D
#F8766D	1962	44.93	1962	Cote d'Ivoire	Africa	#F8766D
#F8766D	1967	47.35	1967	Cote d'Ivoire	Africa	#F8766D
#F8766D	1972	49.801	1972	Cote d'Ivoire	Africa	#F8766D
#F8766D	1977	52.374	1977	Cote d'Ivoire	Africa	#F8766D
#F8766D	1982	53.983	1982	Cote d'Ivoire	Africa	#F8766D
#F8766D	1987	54.655	1987	Cote d'Ivoire	Africa	#F8766D
#F8766D	1992	52.044	1992	Cote d'Ivoire	Africa	#F8766D
#F8766D	1997	47.991	1997	Cote d'Ivoire	Africa	#F8766D
#F8766D	2002	46.832	2002	Cote d'Ivoire	Africa	#F8766D
#F8766D	2007	48.328	2007	Cote d'Ivoire	Africa	#F8766D
#00B0F6	1952	61.21	1952	Croatia	Europe	#00B0F6
#00B0F6	1957	64.77	1957	Croatia	Europe	#00B0F6
#00B0F6	1962	67.13	1962	Croatia	Europe	#00B0F6
#00B0F6	1967	68.5	1967	Croatia	Europe	#00B0F6
#00B0F6	1972	69.61	1972	Croatia	Europe	#00B0F6
#00B0F6	1977	70.64	1977	Croatia	Europe	#00B0F6
#00B0F6	1982	70.46	1982	Croatia	Europe	#00B0F6
#00B0F6	1987	71.52	1987	Croatia	Europe	#00B0F6
#00B0F6	1992	72.527	1992	Croatia	Europe	#00B0F6
#00B0F6	1997	73.68	1997	Croatia	Europe	#00B0F6
#00B0F6	2002	74.876	2002	Croatia	Europe	#00B0F6
#00B0F6	2007	75.748	2007	Croatia	Europe	#00B0F6
#A3A500	1952	59.421	1952	Cuba	Americas	#A3A500
#A3A500	1957	62.325	1957	Cuba	Americas	#A3A500
#A3A500	1962	65.246	1962	Cuba	Americas	#A3A500
#A3A500	1967	68.29	1967	Cuba	Americas	#A3A500
#A3A500	1972	70.723	1972	Cuba	Americas	#A3A500
#A3A500	1977	72.649	1977	Cuba	Americas	#A3A500
#A3A500	1982	73.717	1982	Cuba	Americas	#A3A500
#A3A500	1987	74.174	1987	Cuba	Americas	#A3A500
#A3A500	1992	74.414	1992	Cuba	Americas	#A3A500
#A3A500	1997	76.151	1997	Cuba	Americas	#A3A500
#A3A500	2002	77.158	2002	Cuba	Americas	#A3A500
#A3A500	2007	78.273	2007	Cuba	Americas	#A3A500
#00B0F6	1952	66.87	1952	Czech Republic	Europe	#00B0F6
#00B0F6	1957	69.03	1957	Czech Republic	Europe	#00B0F6
#00B0F6	1962	69.9	1962	Czech Republic	Europe	#00B0F6
#00B0F6	1967	70.38	1967	Czech Republic	Europe	#00B0F6
#00B0F6	1972	70.29	1972	Czech Republic	Europe	#00B0F6
#00B0F6	1977	70.71	1977	Czech Republic	Europe	#00B0F6
#00B0F6	1982	70.96	1982	Czech Republic	Europe	#00B0F6
#00B0F6	1987	71.58	1987	Czech Republic	Europe	#00B0F6
#00B0F6	1992	72.4	1992	Czech Republic	Europe	#00B0F6
#00B0F6	1997	74.01	1997	Czech Republic	Europe	#00B0F6
#00B0F6	2002	75.51	2002	Czech Republic	Europe	#00B0F6
#00B0F6	2007	76.486	2007	Czech Republic	Europe	#00B0F6
#00B0F6	1952	70.78	1952	Denmark	Europe	#00B0F6
#00B0F6	1957	71.81	1957	Denmark	Europe	#00B0F6
#00B0F6	1962	72.35	1962	Denmark	Europe	#00B0F6
#00B0F6	1967	72.96	1967	Denmark	Europe	#00B0F6
#00B0F6	1972	73.47	1972	Denmark	Europe	#00B0F6
#00B0F6	1977	74.69	1977	Denmark	Europe	#00B0F6
#00B0F6	1982	74.63	1982	Denmark	Europe	#00B0F6
#00B0F6	1987	74.8	1987	Denmark	Europe	#00B0F6
#00B0F6	1992	75.33	1992	Denmark	Europe	#00B0F6
#00B0F6	1997	76.11	1997	Denmark	Europe	#00B0F6
#00B0F6	2002	77.18	2002	Denmark	Europe	#00B0F6
#00B0F6	2007	78.332	2007	Denmark	Europe	#00B0F6
#F8766D	1952	34.812	1952	Djibouti	Africa	#F8766D
#F8766D	1957	37.328	1957	Djibouti	Africa	#F8766D
#F8766D	1962	39.693	1962	Djibouti	Africa	#F8766D
#F8766D	1967	42.074	1967	Djibouti	Africa	#F8766D
#F8766D	1972	44.366	1972	Djibouti	Africa	#F8766D
#F8766D	1977	46.519	1977	Djibouti	Africa	#F8766D
#F8766D	1982	48.812	1982	Djibouti	Africa	#F8766D
#F8766D	1987	50.04	1987	Djibouti	Africa	#F8766D
#F8766D	1992	51.604	1992	Djibouti	Africa	#F8766D
#F8766D	1997	53.157	1997	Djibouti	Africa	#F8766D
#F8766D	2002	53.373	2002	Djibouti	Africa	#F8766D
#F8766D	2007	54.791	2007	Djibouti	Africa	#F8766D
#A3A500	1952	45.928	1952	Dominican Republic	Americas	#A3A500
#A3A500	1957	49.828	1957	Dominican Republic	Americas	#A3A500
#A3A500	1962	53.459	1962	Dominican Republic	Americas	#A3A500
#A3A500	1967	56.751	1967	Dominican Republic	Americas	#A3A500
#A3A500	1972	59.631	1972	Dominican Republic	Americas	#A3A500
#A3A500	1977	61.788	1977	Dominican Republic	Americas	#A3A500
#A3A500	1982	63.727	1982	Dominican Republic	Americas	#A3A500
#A3A500	1987	66.046	1987	Dominican Republic	Americas	#A3A500
#A3A500	1992	68.457	1992	Dominican Republic	Americas	#A3A500
#A3A500	1997	69.957	1997	Dominican Republic	Americas	#A3A500
#A3A500	2002	70.847	2002	Dominican Republic	Americas	#A3A500
#A3A500	2007	72.235	2007	Dominican Republic	Americas	#A3A500
#A3A500	1952	48.357	1952	Ecuador	Americas	#A3A500
#A3A500	1957	51.356	1957	Ecuador	Americas	#A3A500
#A3A500	1962	54.64	1962	Ecuador	Americas	#A3A500
#A3A500	1967	56.678	1967	Ecuador	Americas	#A3A500
#A3A500	1972	58.796	1972	Ecuador	Americas	#A3A500
#A3A500	1977	61.31	1977	Ecuador	Americas	#A3A500
#A3A500	1982	64.342	1982	Ecuador	Americas	#A3A500
#A3A500	1987	67.231	1987	Ecuador	Americas	#A3A500
#A3A500	1992	69.613	1992	Ecuador	Americas	#A3A500
#A3A500	1997	72.312	1997	Ecuador	Americas	#A3A500
#A3A500	2002	74.173	2002	Ecuador	Americas	#A3A500
#A3A500	2007	74.994	2007	Ecuador	Americas	#A3A500
#F8766D	1952	41.893	1952	Egypt	Africa	#F8766D
#F8766D	1957	44.444	1957	Egypt	Africa	#F8766D
#F8766D	1962	46.992	1962	Egypt	Africa	#F8766D
#F8766D	1967	49.293	1967	Egypt	Africa	#F8766D
#F8766D	1972	51.137	1972	Egypt	Africa	#F8766D
#F8766D	1977	53.319	1977	Egypt	Africa	#F8766D
#F8766D	1982	56.006	1982	Egypt	Africa	#F8766D
#F8766D	1987	59.797	1987	Egypt	Africa	#F8766D
#F8766D	1992	63.674	1992	Egypt	Africa	#F8766D
#F8766D	1997	67.217	1997	Egypt	Africa	#F8766D
#F8766D	2002	69.806	2002	Egypt	Africa	#F8766D
#F8766D	2007	71.338	2007	Egypt	Africa	#F8766D
#A3A500	1952	45.262	1952	El Salvador	Americas	#A3A500
#A3A500	1957	48.57	1957	El Salvador	Americas	#A3A500
#A3A500	1962	52.307	1962	El Salvador	Americas	#A3A500
#A3A500	1967	55.855	1967	El Salvador	Americas	#A3A500
#A3A500	1972	58.207	1972	El Salvador	Americas	#A3A500
#A3A500	1977	56.696	1977	El Salvador	Americas	#A3A500
#A3A500	1982	56.604	1982	El Salvador	Americas	#A3A500
#A3A500	1987	63.154	1987	El Salvador	Americas	#A3A500
#A3A500	1992	66.798	1992	El Salvador	Americas	#A3A500
#A3A500	1997	69.535	1997	El Salvador	Americas	#A3A500
#A3A500	2002	70.734	2002	El Salvador	Americas	#A3A500
#A3A500	2007	71.878	2007	El Salvador	Americas	#A3A500
#F8766D	1952	34.482	1952	Equatorial Guinea	Africa	#F8766D
#F8766D	1957	35.983	1957	Equatorial Guinea	Africa	#F8766D
#F8766D	1962	37.485	1962	Equatorial Guinea	Africa	#F8766D
#F8766D	1967	38.987	1967	Equatorial Guinea	Africa	#F8766D
#F8766D	1972	40.516	1972	Equatorial Guinea	Africa	#F8766D
#F8766D	1977	42.024	1977	Equatorial Guinea	Africa	#F8766D
#F8766D	1982	43.662	1982	Equatorial Guinea	Africa	#F8766D
#F8766D	1987	45.664	1987	Equatorial Guinea	Africa	#F8766D
#F8766D	1992	47.545	1992	Equatorial Guinea	Africa	#F8766D
#F8766D	1997	48.245	1997	Equatorial Guinea	Africa	#F8766D
#F8766D	2002	49.348	2002	Equatorial Guinea	Africa	#F8766D
#F8766D	2007	51.579	2007	Equatorial Guinea	Africa	#F8766D
#F8766D	1952	35.928	1952	Eritrea	Africa	#F8766D
#F8766D	1957	38.047	1957	Eritrea	Africa	#F8766D
#F8766D	1962	40.158	1962	Eritrea	Africa	#F8766D
#F8766D	1967	42.189	1967	Eritrea	Africa	#F8766D
#F8766D	1972	44.142	1972	Eritrea	Africa	#F8766D
#F8766D	1977	44.535	1977	Eritrea	Africa	#F8766D
#F8766D	1982	43.89	1982	Eritrea	Africa	#F8766D
#F8766D	1987	46.453	1987	Eritrea	Africa	#F8766D
#F8766D	1992	49.991	1992	Eritrea	Africa	#F8766D
#F8766D	1997	53.378	1997	Eritrea	Africa	#F8766D
#F8766D	2002	55.24	2002	Eritrea	Africa	#F8766D
#F8766D	2007	58.04	2007	Eritrea	Africa	#F8766D
#F8766D	1952	34.078	1952	Ethiopia	Africa	#F8766D
#F8766D	1957	36.667	1957	Ethiopia	Africa	#F8766D
#F8766D	1962	40.059	1962	Ethiopia	Africa	#F8766D
#F8766D	1967	42.115	1967	Ethiopia	Africa	#F8766D
#F8766D	1972	43.515	1972	Ethiopia	Africa	#F8766D
#F8766D	1977	44.51	1977	Ethiopia	Africa	#F8766D
#F8766D	1982	44.916	1982	Ethiopia	Africa	#F8766D
#F8766D	1987	46.684	1987	Ethiopia	Africa	#F8766D
#F8766D	1992	48.091	1992	Ethiopia	Africa	#F8766D
#F8766D	1997	49.402	1997	Ethiopia	Africa	#F8766D
#F8766D	2002	50.725	2002	Ethiopia	Africa	#F8766D
#F8766D	2007	52.947	2007	Ethiopia	Africa	#F8766D
#00B0F6	1952	66.55	1952	Finland	Europe	#00B0F6
#00B0F6	1957	67.49	1957	Finland	Europe	#00B0F6
#00B0F6	1962	68.75	1962	Finland	Europe	#00B0F6
#00B0F6	1967	69.83	1967	Finland	Europe	#00B0F6
#00B0F6	1972	70.87	1972	Finland	Europe	#00B0F6
#00B0F6	1977	72.52	1977	Finland	Europe	#00B0F6
#00B0F6	1982	74.55	1982	Finland	Europe	#00B0F6
#00B0F6	1987	74.83	1987	Finland	Europe	#00B0F6
#00B0F6	1992	75.7	1992	Finland	Europe	#00B0F6
#00B0F6	1997	77.13	1997	Finland	Europe	#00B0F6
#00B0F6	2002	78.37	2002	Finland	Europe	#00B0F6
#00B0F6	2007	79.313	2007	Finland	Europe	#00B0F6
#00B0F6	1952	67.41	1952	France	Europe	#00B0F6
#00B0F6	1957	68.93	1957	France	Europe	#00B0F6
#00B0F6	1962	70.51	1962	France	Europe	#00B0F6
#00B0F6	1967	71.55	1967	France	Europe	#00B0F6
#00B0F6	1972	72.38	1972	France	Europe	#00B0F6
#00B0F6	1977	73.83	1977	France	Europe	#00B0F6
#00B0F6	1982	74.89	1982	France	Europe	#00B0F6
#00B0F6	1987	76.34	1987	France	Europe	#00B0F6
#00B0F6	1992	77.46	1992	France	Europe	#00B0F6
#00B0F6	1997	78.64	1997	France	Europe	#00B0F6
#00B0F6	2002	79.59	2002	France	Europe	#00B0F6
#00B0F6	2007	80.657	2007	France	Europe	#00B0F6
#F8766D	1952	37.003	1952	Gabon	Africa	#F8766D
#F8766D	1957	38.999	1957	Gabon	Africa	#F8766D
#F8766D	1962	40.489	1962	Gabon	Africa	#F8766D
#F8766D	1967	44.598	1967	Gabon	Africa	#F8766D
#F8766D	1972	48.69	1972	Gabon	Africa	#F8766D
#F8766D	1977	52.79	1977	Gabon	Africa	#F8766D
#F8766D	1982	56.564	1982	Gabon	Africa	#F8766D
#F8766D	1987	60.19	1987	Gabon	Africa	#F8766D
#F8766D	1992	61.366	1992	Gabon	Africa	#F8766D
#F8766D	1997	60.461	1997	Gabon	Africa	#F8766D
#F8766D	2002	56.761	2002	Gabon	Africa	#F8766D
#F8766D	2007	56.735	2007	Gabon	Africa	#F8766D
#F8766D	1952	30	1952	Gambia	Africa	#F8766D
#F8766D	1957	32.065	1957	Gambia	Africa	#F8766D
#F8766D	1962	33.896	1962	Gambia	Africa	#F8766D
#F8766D	1967	35.857	1967	Gambia	Africa	#F8766D
#F8766D	1972	38.308	1972	Gambia	Africa	#F8766D
#F8766D	1977	41.842	1977	Gambia	Africa	#F8766D
#F8766D	1982	45.58	1982	Gambia	Africa	#F8766D
#F8766D	1987	49.265	1987	Gambia	Africa	#F8766D
#F8766D	1992	52.644	1992	Gambia	Africa	#F8766D
#F8766D	1997	55.861	1997	Gambia	Africa	#F8766D
#F8766D	2002	58.041	2002	Gambia	Africa	#F8766D
#F8766D	2007	59.448	2007	Gambia	Africa	#F8766D
#00B0F6	1952	67.5	1952	Germany	Europe	#00B0F6
#00B0F6	1957	69.1	1957	Germany	Europe	#00B0F6
#00B0F6	1962	70.3	1962	Germany	Europe	#00B0F6
#00B0F6	1967	70.8	1967	Germany	Europe	#00B0F6
#00B0F6	1972	71	1972	Germany	Europe	#00B0F6
#00B0F6	1977	72.5	1977	Germany	Europe	#00B0F6
#00B0F6	1982	73.8	1982	Germany	Europe	#00B0F6
#00B0F6	1987	74.847	1987	Germany	Europe	#00B0F6
#00B0F6	1992	76.07	1992	Germany	Europe	#00B0F6
#00B0F6	1997	77.34	1997	Germany	Europe	#00B0F6
#00B0F6	2002	78.67	2002	Germany	Europe	#00B0F6
#00B0F6	2007	79.406	2007	Germany	Europe	#00B0F6
#F8766D	1952	43.149	1952	Ghana	Africa	#F8766D
#F8766D	1957	44.779	1957	Ghana	Africa	#F8766D
#F8766D	1962	46.452	1962	Ghana	Africa	#F8766D
#F8766D	1967	48.072	1967	Ghana	Africa	#F8766D
#F8766D	1972	49.875	1972	Ghana	Africa	#F8766D
#F8766D	1977	51.756	1977	Ghana	Africa	#F8766D
#F8766D	1982	53.744	1982	Ghana	Africa	#F8766D
#F8766D	1987	55.729	1987	Ghana	Africa	#F8766D
#F8766D	1992	57.501	1992	Ghana	Africa	#F8766D
#F8766D	1997	58.556	1997	Ghana	Africa	#F8766D
#F8766D	2002	58.453	2002	Ghana	Africa	#F8766D
#F8766D	2007	60.022	2007	Ghana	Africa	#F8766D
#00B0F6	1952	65.86	1952	Greece	Europe	#00B0F6
#00B0F6	1957	67.86	1957	Greece	Europe	#00B0F6
#00B0F6	1962	69.51	1962	Greece	Europe	#00B0F6
#00B0F6	1967	71	1967	Greece	Europe	#00B0F6
#00B0F6	1972	72.34	1972	Greece	Europe	#00B0F6
#00B0F6	1977	73.68	1977	Greece	Europe	#00B0F6
#00B0F6	1982	75.24	1982	Greece	Europe	#00B0F6
#00B0F6	1987	76.67	1987	Greece	Europe	#00B0F6
#00B0F6	1992	77.03	1992	Greece	Europe	#00B0F6
#00B0F6	1997	77.869	1997	Greece	Europe	#00B0F6
#00B0F6	2002	78.256	2002	Greece	Europe	#00B0F6
#00B0F6	2007	79.483	2007	Greece	Europe	#00B0F6
#A3A500	1952	42.023	1952	Guatemala	Americas	#A3A500
#A3A500	1957	44.142	1957	Guatemala	Americas	#A3A500
#A3A500	1962	46.954	1962	Guatemala	Americas	#A3A500
#A3A500	1967	50.016	1967	Guatemala	Americas	#A3A500
#A3A500	1972	53.738	1972	Guatemala	Americas	#A3A500
#A3A500	1977	56.029	1977	Guatemala	Americas	#A3A500
#A3A500	1982	58.137	1982	Guatemala	Americas	#A3A500
#A3A500	1987	60.782	1987	Guatemala	Americas	#A3A500
#A3A500	1992	63.373	1992	Guatemala	Americas	#A3A500
#A3A500	1997	66.322	1997	Guatemala	Americas	#A3A500
#A3A500	2002	68.978	2002	Guatemala	Americas	#A3A500
#A3A500	2007	70.259	2007	Guatemala	Americas	#A3A500
#F8766D	1952	33.609	1952	Guinea	Africa	#F8766D
#F8766D	1957	34.558	1957	Guinea	Africa	#F8766D
#F8766D	1962	35.753	1962	Guinea	Africa	#F8766D
#F8766D	1967	37.197	1967	Guinea	Africa	#F8766D
#F8766D	1972	38.842	1972	Guinea	Africa	#F8766D
#F8766D	1977	40.762	1977	Guinea	Africa	#F8766D
#F8766D	1982	42.891	1982	Guinea	Africa	#F8766D
#F8766D	1987	45.552	1987	Guinea	Africa	#F8766D
#F8766D	1992	48.576	1992	Guinea	Africa	#F8766D
#F8766D	1997	51.455	1997	Guinea	Africa	#F8766D
#F8766D	2002	53.676	2002	Guinea	Africa	#F8766D
#F8766D	2007	56.007	2007	Guinea	Africa	#F8766D
#F8766D	1952	32.5	1952	Guinea-Bissau	Africa	#F8766D
#F8766D	1957	33.489	1957	Guinea-Bissau	Africa	#F8766D
#F8766D	1962	34.488	1962	Guinea-Bissau	Africa	#F8766D
#F8766D	1967	35.492	1967	Guinea-Bissau	Africa	#F8766D
#F8766D	1972	36.486	1972	Guinea-Bissau	Africa	#F8766D
#F8766D	1977	37.465	1977	Guinea-Bissau	Africa	#F8766D
#F8766D	1982	39.327	1982	Guinea-Bissau	Africa	#F8766D
#F8766D	1987	41.245	1987	Guinea-Bissau	Africa	#F8766D
#F8766D	1992	43.266	1992	Guinea-Bissau	Africa	#F8766D
#F8766D	1997	44.873	1997	Guinea-Bissau	Africa	#F8766D
#F8766D	2002	45.504	2002	Guinea-Bissau	Africa	#F8766D
#F8766D	2007	46.388	2007	Guinea-Bissau	Africa	#F8766D
#A3A500	1952	37.579	1952	Haiti	Americas	#A3A500
#A3A500	1957	40.696	1957	Haiti	Americas	#A3A500
#A3A500	1962	43.59	1962	Haiti	Americas	#A3A500
#A3A500	1967	46.243	1967	Haiti	Americas	#A3A500
#A3A500	1972	48.042	1972	Haiti	Americas	#A3A500
#A3A500	1977	49.923	1977	Haiti	Americas	#A3A500
#A3A500	1982	51.461	1982	Haiti	Americas	#A3A500
#A3A500	1987	53.636	1987	Haiti	Americas	#A3A500
#A3A500	1992	55.089	1992	Haiti	Americas	#A3A500
#A3A500	1997	56.671	1997	Haiti	Americas	#A3A500
#A3A500	2002	58.137	2002	Haiti	Americas	#A3A500
#A3A500	2007	60.916	2007	Haiti	Americas	#A3A500
#A3A500	1952	41.912	1952	Honduras	Americas	#A3A500
#A3A500	1957	44.665	1957	Honduras	Americas	#A3A500
#A3A500	1962	48.041	1962	Honduras	Americas	#A3A500
#A3A500	1967	50.924	1967	Honduras	Americas	#A3A500
#A3A500	1972	53.884	1972	Honduras	Americas	#A3A500
#A3A500	1977	57.402	1977	Honduras	Americas	#A3A500
#A3A500	1982	60.909	1982	Honduras	Americas	#A3A500
#A3A500	1987	64.492	1987	Honduras	Americas	#A3A500
#A3A500	1992	66.399	1992	Honduras	Americas	#A3A500
#A3A500	1997	67.659	1997	Honduras	Americas	#A3A500
#A3A500	2002	68.565	2002	Honduras	Americas	#A3A500
#A3A500	2007	70.198	2007	Honduras	Americas	#A3A500
#00BF7D	1952	60.96	1952	Hong Kong, China	Asia	#00BF7D
#00BF7D	1957	64.75	1957	Hong Kong, China	Asia	#00BF7D
#00BF7D	1962	67.65	1962	Hong Kong, China	Asia	#00BF7D
#00BF7D	1967	70	1967	Hong Kong, China	Asia	#00BF7D
#00BF7D	1972	72	1972	Hong Kong, China	Asia	#00BF7D
#00BF7D	1977	73.6	1977	Hong Kong, China	Asia	#00BF7D
#00BF7D	1982	75.45	1982	Hong Kong, China	Asia	#00BF7D
#00BF7D	1987	76.2	1987	Hong Kong, China	Asia	#00BF7D
#00BF7D	1992	77.601	1992	Hong Kong, China	Asia	#00BF7D
#00BF7D	1997	80	1997	Hong Kong, China	Asia	#00BF7D
#00BF7D	2002	81.495	2002	Hong Kong, China	Asia	#00BF7D
#00BF7D	2007	82.208	2007	Hong Kong, China	Asia	#00BF7D
#00B0F6	1952	64.03	1952	Hungary	Europe	#00B0F6
#00B0F6	1957	66.41	1957	Hungary	Europe	#00B0F6
#00B0F6	1962	67.96	1962	Hungary	Europe	#00B0F6
#00B0F6	1967	69.5	1967	Hungary	Europe	#00B0F6
#00B0F6	1972	69.76	1972	Hungary	Europe	#00B0F6
#00B0F6	1977	69.95	1977	Hungary	Europe	#00B0F6
#00B0F6	1982	69.39	1982	Hungary	Europe	#00B0F6
#00B0F6	1987	69.58	1987	Hungary	Europe	#00B0F6
#00B0F6	1992	69.17	1992	Hungary	Europe	#00B0F6
#00B0F6	1997	71.04	1997	Hungary	Europe	#00B0F6
#00B0F6	2002	72.59	2002	Hungary	Europe	#00B0F6
#00B0F6	2007	73.338	2007	Hungary	Europe	#00B0F6
#00B0F6	1952	72.49	1952	Iceland	Europe	#00B0F6
#00B0F6	1957	73.47	1957	Iceland	Europe	#00B0F6
#00B0F6	1962	73.68	1962	Iceland	Europe	#00B0F6
#00B0F6	1967	73.73	1967	Iceland	Europe	#00B0F6
#00B0F6	1972	74.46	1972	Iceland	Europe	#00B0F6
#00B0F6	1977	76.11	1977	Iceland	Europe	#00B0F6
#00B0F6	1982	76.99	1982	Iceland	Europe	#00B0F6
#00B0F6	1987	77.23	1987	Iceland	Europe	#00B0F6
#00B0F6	1992	78.77	1992	Iceland	Europe	#00B0F6
#00B0F6	1997	78.95	1997	Iceland	Europe	#00B0F6
#00B0F6	2002	80.5	2002	Iceland	Europe	#00B0F6
#00B0F6	2007	81.757	2007	Iceland	Europe	#00B0F6
#00BF7D	1952	37.373	1952	India	Asia	#00BF7D
#00BF7D	1957	40.249	1957	India	Asia	#00BF7D
#00BF7D	1962	43.605	1962	India	Asia	#00BF7D
#00BF7D	1967	47.193	1967	India	Asia	#00BF7D
#00BF7D	1972	50.651	1972	India	Asia	#00BF7D
#00BF7D	1977	54.208	1977	India	Asia	#00BF7D
#00BF7D	1982	56.596	1982	India	Asia	#00BF7D
#00BF7D	1987	58.553	1987	India	Asia	#00BF7D
#00BF7D	1992	60.223	1992	India	Asia	#00BF7D
#00BF7D	1997	61.765	1997	India	Asia	#00BF7D
#00BF7D	2002	62.879	2002	India	Asia	#00BF7D
#00BF7D	2007	64.698	2007	India	Asia	#00BF7D
#00BF7D	1952	37.468	1952	Indonesia	Asia	#00BF7D
#00BF7D	1957	39.918	1957	Indonesia	Asia	#00BF7D
#00BF7D	1962	42.518	1962	Indonesia	Asia	#00BF7D
#00BF7D	1967	45.964	1967	Indonesia	Asia	#00BF7D
#00BF7D	1972	49.203	1972	Indonesia	Asia	#00BF7D
#00BF7D	1977	52.702	1977	Indonesia	Asia	#00BF7D
#00BF7D	1982	56.159	1982	Indonesia	Asia	#00BF7D
#00BF7D	1987	60.137	1987	Indonesia	Asia	#00BF7D
#00BF7D	1992	62.681	1992	Indonesia	Asia	#00BF7D
#00BF7D	1997	66.041	1997	Indonesia	Asia	#00BF7D
#00BF7D	2002	68.588	2002	Indonesia	Asia	#00BF7D
#00BF7D	2007	70.65	2007	Indonesia	Asia	#00BF7D
#00BF7D	1952	44.869	1952	Iran	Asia	#00BF7D
#00BF7D	1957	47.181	1957	Iran	Asia	#00BF7D
#00BF7D	1962	49.325	1962	Iran	Asia	#00BF7D
#00BF7D	1967	52.469	1967	Iran	Asia	#00BF7D
#00BF7D	1972	55.234	1972	Iran	Asia	#00BF7D
#00BF7D	1977	57.702	1977	Iran	Asia	#00BF7D
#00BF7D	1982	59.62	1982	Iran	Asia	#00BF7D
#00BF7D	1987	63.04	1987	Iran	Asia	#00BF7D
#00BF7D	1992	65.742	1992	Iran	Asia	#00BF7D
#00BF7D	1997	68.042	1997	Iran	Asia	#00BF7D
#00BF7D	2002	69.451	2002	Iran	Asia	#00BF7D
#00BF7D	2007	70.964	2007	Iran	Asia	#00BF7D
#00BF7D	1952	45.32	1952	Iraq	Asia	#00BF7D
#00BF7D	1957	48.437	1957	Iraq	Asia	#00BF7D
#00BF7D	1962	51.457	1962	Iraq	Asia	#00BF7D
#00BF7D	1967	54.459	1967	Iraq	Asia	#00BF7D
#00BF7D	1972	56.95	1972	Iraq	Asia	#00BF7D
#00BF7D	1977	60.413	1977	Iraq	Asia	#00BF7D
#00BF7D	1982	62.038	1982	Iraq	Asia	#00BF7D
#00BF7D	1987	65.044	1987	Iraq	Asia	#00BF7D
#00BF7D	1992	59.461	1992	Iraq	Asia	#00BF7D
#00BF7D	1997	58.811	1997	Iraq	Asia	#00BF7D
#00BF7D	2002	57.046	2002	Iraq	Asia	#00BF7D
#00BF7D	2007	59.545	2007	Iraq	Asia	#00BF7D
#00B0F6	1952	66.91	1952	Ireland	Europe	#00B0F6
#00B0F6	1957	68.9	1957	Ireland	Europe	#00B0F6
#00B0F6	1962	70.29	1962	Ireland	Europe	#00B0F6
#00B0F6	1967	71.08	1967	Ireland	Europe	#00B0F6
#00B0F6	1972	71.28	1972	Ireland	Europe	#00B0F6
#00B0F6	1977	72.03	1977	Ireland	Europe	#00B0F6
#00B0F6	1982	73.1	1982	Ireland	Europe	#00B0F6
#00B0F6	1987	74.36	1987	Ireland	Europe	#00B0F6
#00B0F6	1992	75.467	1992	Ireland	Europe	#00B0F6
#00B0F6	1997	76.122	1997	Ireland	Europe	#00B0F6
#00B0F6	2002	77.783	2002	Ireland	Europe	#00B0F6
#00B0F6	2007	78.885	2007	Ireland	Europe	#00B0F6
#00BF7D	1952	65.39	1952	Israel	Asia	#00BF7D
#00BF7D	1957	67.84	1957	Israel	Asia	#00BF7D
#00BF7D	1962	69.39	1962	Israel	Asia	#00BF7D
#00BF7D	1967	70.75	1967	Israel	Asia	#00BF7D
#00BF7D	1972	71.63	1972	Israel	Asia	#00BF7D
#00BF7D	1977	73.06	1977	Israel	Asia	#00BF7D
#00BF7D	1982	74.45	1982	Israel	Asia	#00BF7D
#00BF7D	1987	75.6	1987	Israel	Asia	#00BF7D
#00BF7D	1992	76.93	1992	Israel	Asia	#00BF7D
#00BF7D	1997	78.269	1997	Israel	Asia	#00BF7D
#00BF7D	2002	79.696	2002	Israel	Asia	#00BF7D
#00BF7D	2007	80.745	2007	Israel	Asia	#00BF7D
#00B0F6	1952	65.94	1952	Italy	Europe	#00B0F6
#00B0F6	1957	67.81	1957	Italy	Europe	#00B0F6
#00B0F6	1962	69.24	1962	Italy	Europe	#00B0F6
#00B0F6	1967	71.06	1967	Italy	Europe	#00B0F6
#00B0F6	1972	72.19	1972	Italy	Europe	#00B0F6
#00B0F6	1977	73.48	1977	Italy	Europe	#00B0F6
#00B0F6	1982	74.98	1982	Italy	Europe	#00B0F6
#00B0F6	1987	76.42	1987	Italy	Europe	#00B0F6
#00B0F6	1992	77.44	1992	Italy	Europe	#00B0F6
#00B0F6	1997	78.82	1997	Italy	Europe	#00B0F6
#00B0F6	2002	80.24	2002	Italy	Europe	#00B0F6
#00B0F6	2007	80.546	2007	Italy	Europe	#00B0F6
#A3A500	1952	58.53	1952	Jamaica	Americas	#A3A500
#A3A500	1957	62.61	1957	Jamaica	Americas	#A3A500
#A3A500	1962	65.61	1962	Jamaica	Americas	#A3A500
#A3A500	1967	67.51	1967	Jamaica	Americas	#A3A500
#A3A500	1972	69	1972	Jamaica	Americas	#A3A500
#A3A500	1977	70.11	1977	Jamaica	Americas	#A3A500
#A3A500	1982	71.21	1982	Jamaica	Americas	#A3A500
#A3A500	1987	71.77	1987	Jamaica	Americas	#A3A500
#A3A500	1992	71.766	1992	Jamaica	Americas	#A3A500
#A3A500	1997	72.262	1997	Jamaica	Americas	#A3A500
#A3A500	2002	72.047	2002	Jamaica	Americas	#A3A500
#A3A500	2007	72.567	2007	Jamaica	Americas	#A3A500
#00BF7D	1952	63.03	1952	Japan	Asia	#00BF7D
#00BF7D	1957	65.5	1957	Japan	Asia	#00BF7D
#00BF7D	1962	68.73	1962	Japan	Asia	#00BF7D
#00BF7D	1967	71.43	1967	Japan	Asia	#00BF7D
#00BF7D	1972	73.42	1972	Japan	Asia	#00BF7D
#00BF7D	1977	75.38	1977	Japan	Asia	#00BF7D
#00BF7D	1982	77.11	1982	Japan	Asia	#00BF7D
#00BF7D	1987	78.67	1987	Japan	Asia	#00BF7D
#00BF7D	1992	79.36	1992	Japan	Asia	#00BF7D
#00BF7D	1997	80.69	1997	Japan	Asia	#00BF7D
#00BF7D	2002	82	2002	Japan	Asia	#00BF7D
#00BF7D	2007	82.603	2007	Japan	Asia	#00BF7D
#00BF7D	1952	43.158	1952	Jordan	Asia	#00BF7D
#00BF7D	1957	45.669	1957	Jordan	Asia	#00BF7D
#00BF7D	1962	48.126	1962	Jordan	Asia	#00BF7D
#00BF7D	1967	51.629	1967	Jordan	Asia	#00BF7D
#00BF7D	1972	56.528	1972	Jordan	Asia	#00BF7D
#00BF7D	1977	61.134	1977	Jordan	Asia	#00BF7D
#00BF7D	1982	63.739	1982	Jordan	Asia	#00BF7D
#00BF7D	1987	65.869	1987	Jordan	Asia	#00BF7D
#00BF7D	1992	68.015	1992	Jordan	Asia	#00BF7D
#00BF7D	1997	69.772	1997	Jordan	Asia	#00BF7D
#00BF7D	2002	71.263	2002	Jordan	Asia	#00BF7D
#00BF7D	2007	72.535	2007	Jordan	Asia	#00BF7D
#F8766D	1952	42.27	1952	Kenya	Africa	#F8766D
#F8766D	1957	44.686	1957	Kenya	Africa	#F8766D
#F8766D	1962	47.949	1962	Kenya	Africa	#F8766D
#F8766D	1967	50.654	1967	Kenya	Africa	#F8766D
#F8766D	1972	53.559	1972	Kenya	Africa	#F8766D
#F8766D	1977	56.155	1977	Kenya	Africa	#F8766D
#F8766D	1982	58.766	1982	Kenya	Africa	#F8766D
#F8766D	1987	59.339	1987	Kenya	Africa	#F8766D
#F8766D	1992	59.285	1992	Kenya	Africa	#F8766D
#F8766D	1997	54.407	1997	Kenya	Africa	#F8766D
#F8766D	2002	50.992	2002	Kenya	Africa	#F8766D
#F8766D	2007	54.11	2007	Kenya	Africa	#F8766D
#00BF7D	1952	50.056	1952	Korea, Dem. Rep.	Asia	#00BF7D
#00BF7D	1957	54.081	1957	Korea, Dem. Rep.	Asia	#00BF7D
#00BF7D	1962	56.656	1962	Korea, Dem. Rep.	Asia	#00BF7D
#00BF7D	1967	59.942	1967	Korea, Dem. Rep.	Asia	#00BF7D
#00BF7D	1972	63.983	1972	Korea, Dem. Rep.	Asia	#00BF7D
#00BF7D	1977	67.159	1977	Korea, Dem. Rep.	Asia	#00BF7D
#00BF7D	1982	69.1	1982	Korea, Dem. Rep.	Asia	#00BF7D
#00BF7D	1987	70.647	1987	Korea, Dem. Rep.	Asia	#00BF7D
#00BF7D	1992	69.978	1992	Korea, Dem. Rep.	Asia	#00BF7D
#00BF7D	1997	67.727	1997	Korea, Dem. Rep.	Asia	#00BF7D
#00BF7D	2002	66.662	2002	Korea, Dem. Rep.	Asia	#00BF7D
#00BF7D	2007	67.297	2007	Korea, Dem. Rep.	Asia	#00BF7D
#00BF7D	1952	47.453	1952	Korea, Rep.	Asia	#00BF7D
#00BF7D	1957	52.681	1957	Korea, Rep.	Asia	#00BF7D
#00BF7D	1962	55.292	1962	Korea, Rep.	Asia	#00BF7D
#00BF7D	1967	57.716	1967	Korea, Rep.	Asia	#00BF7D
#00BF7D	1972	62.612	1972	Korea, Rep.	Asia	#00BF7D
#00BF7D	1977	64.766	1977	Korea, Rep.	Asia	#00BF7D
#00BF7D	1982	67.123	1982	Korea, Rep.	Asia	#00BF7D
#00BF7D	1987	69.81	1987	Korea, Rep.	Asia	#00BF7D
#00BF7D	1992	72.244	1992	Korea, Rep.	Asia	#00BF7D
#00BF7D	1997	74.647	1997	Korea, Rep.	Asia	#00BF7D
#00BF7D	2002	77.045	2002	Korea, Rep.	Asia	#00BF7D
#00BF7D	2007	78.623	2007	Korea, Rep.	Asia	#00BF7D
#00BF7D	1952	55.565	1952	Kuwait	Asia	#00BF7D
#00BF7D	1957	58.033	1957	Kuwait	Asia	#00BF7D
#00BF7D	1962	60.47	1962	Kuwait	Asia	#00BF7D
#00BF7D	1967	64.624	1967	Kuwait	Asia	#00BF7D
#00BF7D	1972	67.712	1972	Kuwait	Asia	#00BF7D
#00BF7D	1977	69.343	1977	Kuwait	Asia	#00BF7D
#00BF7D	1982	71.309	1982	Kuwait	Asia	#00BF7D
#00BF7D	1987	74.174	1987	Kuwait	Asia	#00BF7D
#00BF7D	1992	75.19	1992	Kuwait	Asia	#00BF7D
#00BF7D	1997	76.156	1997	Kuwait	Asia	#00BF7D
#00BF7D	2002	76.904	2002	Kuwait	Asia	#00BF7D
#00BF7D	2007	77.588	2007	Kuwait	Asia	#00BF7D
#00BF7D	1952	55.928	1952	Lebanon	Asia	#00BF7D
#00BF7D	1957	59.489	1957	Lebanon	Asia	#00BF7D
#00BF7D	1962	62.094	1962	Lebanon	Asia	#00BF7D
#00BF7D	1967	63.87	1967	Lebanon	Asia	#00BF7D
#00BF7D	1972	65.421	1972	Lebanon	Asia	#00BF7D
#00BF7D	1977	66.099	1977	Lebanon	Asia	#00BF7D
#00BF7D	1982	66.983	1982	Lebanon	Asia	#00BF7D
#00BF7D	1987	67.926	1987	Lebanon	Asia	#00BF7D
#00BF7D	1992	69.292	1992	Lebanon	Asia	#00BF7D
#00BF7D	1997	70.265	1997	Lebanon	Asia	#00BF7D
#00BF7D	2002	71.028	2002	Lebanon	Asia	#00BF7D
#00BF7D	2007	71.993	2007	Lebanon	Asia	#00BF7D
#F8766D	1952	42.138	1952	Lesotho	Africa	#F8766D
#F8766D	1957	45.047	1957	Lesotho	Africa	#F8766D
#F8766D	1962	47.747	1962	Lesotho	Africa	#F8766D
#F8766D	1967	48.492	1967	Lesotho	Africa	#F8766D
#F8766D	1972	49.767	1972	Lesotho	Africa	#F8766D
#F8766D	1977	52.208	1977	Lesotho	Africa	#F8766D
#F8766D	1982	55.078	1982	Lesotho	Africa	#F8766D
#F8766D	1987	57.18	1987	Lesotho	Africa	#F8766D
#F8766D	1992	59.685	1992	Lesotho	Africa	#F8766D
#F8766D	1997	55.558	1997	Lesotho	Africa	#F8766D
#F8766D	2002	44.593	2002	Lesotho	Africa	#F8766D
#F8766D	2007	42.592	2007	Lesotho	Africa	#F8766D
#F8766D	1952	38.48	1952	Liberia	Africa	#F8766D
#F8766D	1957	39.486	1957	Liberia	Africa	#F8766D
#F8766D	1962	40.502	1962	Liberia	Africa	#F8766D
#F8766D	1967	41.536	1967	Liberia	Africa	#F8766D
#F8766D	1972	42.614	1972	Liberia	Africa	#F8766D
#F8766D	1977	43.764	1977	Liberia	Africa	#F8766D
#F8766D	1982	44.852	1982	Liberia	Africa	#F8766D
#F8766D	1987	46.027	1987	Liberia	Africa	#F8766D
#F8766D	1992	40.802	1992	Liberia	Africa	#F8766D
#F8766D	1997	42.221	1997	Liberia	Africa	#F8766D
#F8766D	2002	43.753	2002	Liberia	Africa	#F8766D
#F8766D	2007	45.678	2007	Liberia	Africa	#F8766D
#F8766D	1952	42.723	1952	Libya	Africa	#F8766D
#F8766D	1957	45.289	1957	Libya	Africa	#F8766D
#F8766D	1962	47.808	1962	Libya	Africa	#F8766D
#F8766D	1967	50.227	1967	Libya	Africa	#F8766D
#F8766D	1972	52.773	1972	Libya	Africa	#F8766D
#F8766D	1977	57.442	1977	Libya	Africa	#F8766D
#F8766D	1982	62.155	1982	Libya	Africa	#F8766D
#F8766D	1987	66.234	1987	Libya	Africa	#F8766D
#F8766D	1992	68.755	1992	Libya	Africa	#F8766D
#F8766D	1997	71.555	1997	Libya	Africa	#F8766D
#F8766D	2002	72.737	2002	Libya	Africa	#F8766D
#F8766D	2007	73.952	2007	Libya	Africa	#F8766D
#F8766D	1952	36.681	1952	Madagascar	Africa	#F8766D
#F8766D	1957	38.865	1957	Madagascar	Africa	#F8766D
#F8766D	1962	40.848	1962	Madagascar	Africa	#F8766D
#F8766D	1967	42.881	1967	Madagascar	Africa	#F8766D
#F8766D	1972	44.851	1972	Madagascar	Africa	#F8766D
#F8766D	1977	46.881	1977	Madagascar	Africa	#F8766D
#F8766D	1982	48.969	1982	Madagascar	Africa	#F8766D
#F8766D	1987	49.35	1987	Madagascar	Africa	#F8766D
#F8766D	1992	52.214	1992	Madagascar	Africa	#F8766D
#F8766D	1997	54.978	1997	Madagascar	Africa	#F8766D
#F8766D	2002	57.286	2002	Madagascar	Africa	#F8766D
#F8766D	2007	59.443	2007	Madagascar	Africa	#F8766D
#F8766D	1952	36.256	1952	Malawi	Africa	#F8766D
#F8766D	1957	37.207	1957	Malawi	Africa	#F8766D
#F8766D	1962	38.41	1962	Malawi	Africa	#F8766D
#F8766D	1967	39.487	1967	Malawi	Africa	#F8766D
#F8766D	1972	41.766	1972	Malawi	Africa	#F8766D
#F8766D	1977	43.767	1977	Malawi	Africa	#F8766D
#F8766D	1982	45.642	1982	Malawi	Africa	#F8766D
#F8766D	1987	47.457	1987	Malawi	Africa	#F8766D
#F8766D	1992	49.42	1992	Malawi	Africa	#F8766D
#F8766D	1997	47.495	1997	Malawi	Africa	#F8766D
#F8766D	2002	45.009	2002	Malawi	Africa	#F8766D
#F8766D	2007	48.303	2007	Malawi	Africa	#F8766D
#00BF7D	1952	48.463	1952	Malaysia	Asia	#00BF7D
#00BF7D	1957	52.102	1957	Malaysia	Asia	#00BF7D
#00BF7D	1962	55.737	1962	Malaysia	Asia	#00BF7D
#00BF7D	1967	59.371	1967	Malaysia	Asia	#00BF7D
#00BF7D	1972	63.01	1972	Malaysia	Asia	#00BF7D
#00BF7D	1977	65.256	1977	Malaysia	Asia	#00BF7D
#00BF7D	1982	68	1982	Malaysia	Asia	#00BF7D
#00BF7D	1987	69.5	1987	Malaysia	Asia	#00BF7D
#00BF7D	1992	70.693	1992	Malaysia	Asia	#00BF7D
#00BF7D	1997	71.938	1997	Malaysia	Asia	#00BF7D
#00BF7D	2002	73.044	2002	Malaysia	Asia	#00BF7D
#00BF7D	2007	74.241	2007	Malaysia	Asia	#00BF7D
#F8766D	1952	33.685	1952	Mali	Africa	#F8766D
#F8766D	1957	35.307	1957	Mali	Africa	#F8766D
#F8766D	1962	36.936	1962	Mali	Africa	#F8766D
#F8766D	1967	38.487	1967	Mali	Africa	#F8766D
#F8766D	1972	39.977	1972	Mali	Africa	#F8766D
#F8766D	1977	41.714	1977	Mali	Africa	#F8766D
#F8766D	1982	43.916	1982	Mali	Africa	#F8766D
#F8766D	1987	46.364	1987	Mali	Africa	#F8766D
#F8766D	1992	48.388	1992	Mali	Africa	#F8766D
#F8766D	1997	49.903	1997	Mali	Africa	#F8766D
#F8766D	2002	51.818	2002	Mali	Africa	#F8766D
#F8766D	2007	54.467	2007	Mali	Africa	#F8766D
#F8766D	1952	40.543	1952	Mauritania	Africa	#F8766D
#F8766D	1957	42.338	1957	Mauritania	Africa	#F8766D
#F8766D	1962	44.248	1962	Mauritania	Africa	#F8766D
#F8766D	1967	46.289	1967	Mauritania	Africa	#F8766D
#F8766D	1972	48.437	1972	Mauritania	Africa	#F8766D
#F8766D	1977	50.852	1977	Mauritania	Africa	#F8766D
#F8766D	1982	53.599	1982	Mauritania	Africa	#F8766D
#F8766D	1987	56.145	1987	Mauritania	Africa	#F8766D
#F8766D	1992	58.333	1992	Mauritania	Africa	#F8766D
#F8766D	1997	60.43	1997	Mauritania	Africa	#F8766D
#F8766D	2002	62.247	2002	Mauritania	Africa	#F8766D
#F8766D	2007	64.164	2007	Mauritania	Africa	#F8766D
#F8766D	1952	50.986	1952	Mauritius	Africa	#F8766D
#F8766D	1957	58.089	1957	Mauritius	Africa	#F8766D
#F8766D	1962	60.246	1962	Mauritius	Africa	#F8766D
#F8766D	1967	61.557	1967	Mauritius	Africa	#F8766D
#F8766D	1972	62.944	1972	Mauritius	Africa	#F8766D
#F8766D	1977	64.93	1977	Mauritius	Africa	#F8766D
#F8766D	1982	66.711	1982	Mauritius	Africa	#F8766D
#F8766D	1987	68.74	1987	Mauritius	Africa	#F8766D
#F8766D	1992	69.745	1992	Mauritius	Africa	#F8766D
#F8766D	1997	70.736	1997	Mauritius	Africa	#F8766D
#F8766D	2002	71.954	2002	Mauritius	Africa	#F8766D
#F8766D	2007	72.801	2007	Mauritius	Africa	#F8766D
#A3A500	1952	50.789	1952	Mexico	Americas	#A3A500
#A3A500	1957	55.19	1957	Mexico	Americas	#A3A500
#A3A500	1962	58.299	1962	Mexico	Americas	#A3A500
#A3A500	1967	60.11	1967	Mexico	Americas	#A3A500
#A3A500	1972	62.361	1972	Mexico	Americas	#A3A500
#A3A500	1977	65.032	1977	Mexico	Americas	#A3A500
#A3A500	1982	67.405	1982	Mexico	Americas	#A3A500
#A3A500	1987	69.498	1987	Mexico	Americas	#A3A500
#A3A500	1992	71.455	1992	Mexico	Americas	#A3A500
#A3A500	1997	73.67	1997	Mexico	Americas	#A3A500
#A3A500	2002	74.902	2002	Mexico	Americas	#A3A500
#A3A500	2007	76.195	2007	Mexico	Americas	#A3A500
#00BF7D	1952	42.244	1952	Mongolia	Asia	#00BF7D
#00BF7D	1957	45.248	1957	Mongolia	Asia	#00BF7D
#00BF7D	1962	48.251	1962	Mongolia	Asia	#00BF7D
#00BF7D	1967	51.253	1967	Mongolia	Asia	#00BF7D
#00BF7D	1972	53.754	1972	Mongolia	Asia	#00BF7D
#00BF7D	1977	55.491	1977	Mongolia	Asia	#00BF7D
#00BF7D	1982	57.489	1982	Mongolia	Asia	#00BF7D
#00BF7D	1987	60.222	1987	Mongolia	Asia	#00BF7D
#00BF7D	1992	61.271	1992	Mongolia	Asia	#00BF7D
#00BF7D	1997	63.625	1997	Mongolia	Asia	#00BF7D
#00BF7D	2002	65.033	2002	Mongolia	Asia	#00BF7D
#00BF7D	2007	66.803	2007	Mongolia	Asia	#00BF7D
#00B0F6	1952	59.164	1952	Montenegro	Europe	#00B0F6
#00B0F6	1957	61.448	1957	Montenegro	Europe	#00B0F6
#00B0F6	1962	63.728	1962	Montenegro	Europe	#00B0F6
#00B0F6	1967	67.178	1967	Montenegro	Europe	#00B0F6
#00B0F6	1972	70.636	1972	Montenegro	Europe	#00B0F6
#00B0F6	1977	73.066	1977	Montenegro	Europe	#00B0F6
#00B0F6	1982	74.101	1982	Montenegro	Europe	#00B0F6
#00B0F6	1987	74.865	1987	Montenegro	Europe	#00B0F6
#00B0F6	1992	75.435	1992	Montenegro	Europe	#00B0F6
#00B0F6	1997	75.445	1997	Montenegro	Europe	#00B0F6
#00B0F6	2002	73.981	2002	Montenegro	Europe	#00B0F6
#00B0F6	2007	74.543	2007	Montenegro	Europe	#00B0F6
#F8766D	1952	42.873	1952	Morocco	Africa	#F8766D
#F8766D	1957	45.423	1957	Morocco	Africa	#F8766D
#F8766D	1962	47.924	1962	Morocco	Africa	#F8766D
#F8766D	1967	50.335	1967	Morocco	Africa	#F8766D
#F8766D	1972	52.862	1972	Morocco	Africa	#F8766D
#F8766D	1977	55.73	1977	Morocco	Africa	#F8766D
#F8766D	1982	59.65	1982	Morocco	Africa	#F8766D
#F8766D	1987	62.677	1987	Morocco	Africa	#F8766D
#F8766D	1992	65.393	1992	Morocco	Africa	#F8766D
#F8766D	1997	67.66	1997	Morocco	Africa	#F8766D
#F8766D	2002	69.615	2002	Morocco	Africa	#F8766D
#F8766D	2007	71.164	2007	Morocco	Africa	#F8766D
#F8766D	1952	31.286	1952	Mozambique	Africa	#F8766D
#F8766D	1957	33.779	1957	Mozambique	Africa	#F8766D
#F8766D	1962	36.161	1962	Mozambique	Africa	#F8766D
#F8766D	1967	38.113	1967	Mozambique	Africa	#F8766D
#F8766D	1972	40.328	1972	Mozambique	Africa	#F8766D
#F8766D	1977	42.495	1977	Mozambique	Africa	#F8766D
#F8766D	1982	42.795	1982	Mozambique	Africa	#F8766D
#F8766D	1987	42.861	1987	Mozambique	Africa	#F8766D
#F8766D	1992	44.284	1992	Mozambique	Africa	#F8766D
#F8766D	1997	46.344	1997	Mozambique	Africa	#F8766D
#F8766D	2002	44.026	2002	Mozambique	Africa	#F8766D
#F8766D	2007	42.082	2007	Mozambique	Africa	#F8766D
#00BF7D	1952	36.319	1952	Myanmar	Asia	#00BF7D
#00BF7D	1957	41.905	1957	Myanmar	Asia	#00BF7D
#00BF7D	1962	45.108	1962	Myanmar	Asia	#00BF7D
#00BF7D	1967	49.379	1967	Myanmar	Asia	#00BF7D
#00BF7D	1972	53.07	1972	Myanmar	Asia	#00BF7D
#00BF7D	1977	56.059	1977	Myanmar	Asia	#00BF7D
#00BF7D	1982	58.056	1982	Myanmar	Asia	#00BF7D
#00BF7D	1987	58.339	1987	Myanmar	Asia	#00BF7D
#00BF7D	1992	59.32	1992	Myanmar	Asia	#00BF7D
#00BF7D	1997	60.328	1997	Myanmar	Asia	#00BF7D
#00BF7D	2002	59.908	2002	Myanmar	Asia	#00BF7D
#00BF7D	2007	62.069	2007	Myanmar	Asia	#00BF7D
#F8766D	1952	41.725	1952	Namibia	Africa	#F8766D
#F8766D	1957	45.226	1957	Namibia	Africa	#F8766D
#F8766D	1962	48.386	1962	Namibia	Africa	#F8766D
#F8766D	1967	51.159	1967	Namibia	Africa	#F8766D
#F8766D	1972	53.867	1972	Namibia	Africa	#F8766D
#F8766D	1977	56.437	1977	Namibia	Africa	#F8766D
#F8766D	1982	58.968	1982	Namibia	Africa	#F8766D
#F8766D	1987	60.835	1987	Namibia	Africa	#F8766D
#F8766D	1992	61.999	1992	Namibia	Africa	#F8766D
#F8766D	1997	58.909	1997	Namibia	Africa	#F8766D
#F8766D	2002	51.479	2002	Namibia	Africa	#F8766D
#F8766D	2007	52.906	2007	Namibia	Africa	#F8766D
#00BF7D	1952	36.157	1952	Nepal	Asia	#00BF7D
#00BF7D	1957	37.686	1957	Nepal	Asia	#00BF7D
#00BF7D	1962	39.393	1962	Nepal	Asia	#00BF7D
#00BF7D	1967	41.472	1967	Nepal	Asia	#00BF7D
#00BF7D	1972	43.971	1972	Nepal	Asia	#00BF7D
#00BF7D	1977	46.748	1977	Nepal	Asia	#00BF7D
#00BF7D	1982	49.594	1982	Nepal	Asia	#00BF7D
#00BF7D	1987	52.537	1987	Nepal	Asia	#00BF7D
#00BF7D	1992	55.727	1992	Nepal	Asia	#00BF7D
#00BF7D	1997	59.426	1997	Nepal	Asia	#00BF7D
#00BF7D	2002	61.34	2002	Nepal	Asia	#00BF7D
#00BF7D	2007	63.785	2007	Nepal	Asia	#00BF7D
#00B0F6	1952	72.13	1952	Netherlands	Europe	#00B0F6
#00B0F6	1957	72.99	1957	Netherlands	Europe	#00B0F6
#00B0F6	1962	73.23	1962	Netherlands	Europe	#00B0F6
#00B0F6	1967	73.82	1967	Netherlands	Europe	#00B0F6
#00B0F6	1972	73.75	1972	Netherlands	Europe	#00B0F6
#00B0F6	1977	75.24	1977	Netherlands	Europe	#00B0F6
#00B0F6	1982	76.05	1982	Netherlands	Europe	#00B0F6
#00B0F6	1987	76.83	1987	Netherlands	Europe	#00B0F6
#00B0F6	1992	77.42	1992	Netherlands	Europe	#00B0F6
#00B0F6	1997	78.03	1997	Netherlands	Europe	#00B0F6
#00B0F6	2002	78.53	2002	Netherlands	Europe	#00B0F6
#00B0F6	2007	79.762	2007	Netherlands	Europe	#00B0F6
#E76BF3	1952	69.39	1952	New Zealand	Oceania	#E76BF3
#E76BF3	1957	70.26	1957	New Zealand	Oceania	#E76BF3
#E76BF3	1962	71.24	1962	New Zealand	Oceania	#E76BF3
#E76BF3	1967	71.52	1967	New Zealand	Oceania	#E76BF3
#E76BF3	1972	71.89	1972	New Zealand	Oceania	#E76BF3
#E76BF3	1977	72.22	1977	New Zealand	Oceania	#E76BF3
#E76BF3	1982	73.84	1982	New Zealand	Oceania	#E76BF3
#E76BF3	1987	74.32	1987	New Zealand	Oceania	#E76BF3
#E76BF3	1992	76.33	1992	New Zealand	Oceania	#E76BF3
#E76BF3	1997	77.55	1997	New Zealand	Oceania	#E76BF3
#E76BF3	2002	79.11	2002	New Zealand	Oceania	#E76BF3
#E76BF3	2007	80.204	2007	New Zealand	Oceania	#E76BF3
#A3A500	1952	42.314	1952	Nicaragua	Americas	#A3A500
#A3A500	1957	45.432	1957	Nicaragua	Americas	#A3A500
#A3A500	1962	48.632	1962	Nicaragua	Americas	#A3A500
#A3A500	1967	51.884	1967	Nicaragua	Americas	#A3A500
#A3A500	1972	55.151	1972	Nicaragua	Americas	#A3A500
#A3A500	1977	57.47	1977	Nicaragua	Americas	#A3A500
#A3A500	1982	59.298	1982	Nicaragua	Americas	#A3A500
#A3A500	1987	62.008	1987	Nicaragua	Americas	#A3A500
#A3A500	1992	65.843	1992	Nicaragua	Americas	#A3A500
#A3A500	1997	68.426	1997	Nicaragua	Americas	#A3A500
#A3A500	2002	70.836	2002	Nicaragua	Americas	#A3A500
#A3A500	2007	72.899	2007	Nicaragua	Americas	#A3A500
#F8766D	1952	37.444	1952	Niger	Africa	#F8766D
#F8766D	1957	38.598	1957	Niger	Africa	#F8766D
#F8766D	1962	39.487	1962	Niger	Africa	#F8766D
#F8766D	1967	40.118	1967	Niger	Africa	#F8766D
#F8766D	1972	40.546	1972	Niger	Africa	#F8766D
#F8766D	1977	41.291	1977	Niger	Africa	#F8766D
#F8766D	1982	42.598	1982	Niger	Africa	#F8766D
#F8766D	1987	44.555	1987	Niger	Africa	#F8766D
#F8766D	1992	47.391	1992	Niger	Africa	#F8766D
#F8766D	1997	51.313	1997	Niger	Africa	#F8766D
#F8766D	2002	54.496	2002	Niger	Africa	#F8766D
#F8766D	2007	56.867	2007	Niger	Africa	#F8766D
#F8766D	1952	36.324	1952	Nigeria	Africa	#F8766D
#F8766D	1957	37.802	1957	Nigeria	Africa	#F8766D
#F8766D	1962	39.36	1962	Nigeria	Africa	#F8766D
#F8766D	1967	41.04	1967	Nigeria	Africa	#F8766D
#F8766D	1972	42.821	1972	Nigeria	Africa	#F8766D
#F8766D	1977	44.514	1977	Nigeria	Africa	#F8766D
#F8766D	1982	45.826	1982	Nigeria	Africa	#F8766D
#F8766D	1987	46.886	1987	Nigeria	Africa	#F8766D
#F8766D	1992	47.472	1992	Nigeria	Africa	#F8766D
#F8766D	1997	47.464	1997	Nigeria	Africa	#F8766D
#F8766D	2002	46.608	2002	Nigeria	Africa	#F8766D
#F8766D	2007	46.859	2007	Nigeria	Africa	#F8766D
#00B0F6	1952	72.67	1952	Norway	Europe	#00B0F6
#00B0F6	1957	73.44	1957	Norway	Europe	#00B0F6
#00B0F6	1962	73.47	1962	Norway	Europe	#00B0F6
#00B0F6	1967	74.08	1967	Norway	Europe	#00B0F6
#00B0F6	1972	74.34	1972	Norway	Europe	#00B0F6
#00B0F6	1977	75.37	1977	Norway	Europe	#00B0F6
#00B0F6	1982	75.97	1982	Norway	Europe	#00B0F6
#00B0F6	1987	75.89	1987	Norway	Europe	#00B0F6
#00B0F6	1992	77.32	1992	Norway	Europe	#00B0F6
#00B0F6	1997	78.32	1997	Norway	Europe	#00B0F6
#00B0F6	2002	79.05	2002	Norway	Europe	#00B0F6
#00B0F6	2007	80.196	2007	Norway	Europe	#00B0F6
#00BF7D	1952	37.578	1952	Oman	Asia	#00BF7D
#00BF7D	1957	40.08	1957	Oman	Asia	#00BF7D
#00BF7D	1962	43.165	1962	Oman	Asia	#00BF7D
#00BF7D	1967	46.988	1967	Oman	Asia	#00BF7D
#00BF7D	1972	52.143	1972	Oman	Asia	#00BF7D
#00BF7D	1977	57.367	1977	Oman	Asia	#00BF7D
#00BF7D	1982	62.728	1982	Oman	Asia	#00BF7D
#00BF7D	1987	67.734	1987	Oman	Asia	#00BF7D
#00BF7D	1992	71.197	1992	Oman	Asia	#00BF7D
#00BF7D	1997	72.499	1997	Oman	Asia	#00BF7D
#00BF7D	2002	74.193	2002	Oman	Asia	#00BF7D
#00BF7D	2007	75.64	2007	Oman	Asia	#00BF7D
#00BF7D	1952	43.436	1952	Pakistan	Asia	#00BF7D
#00BF7D	1957	45.557	1957	Pakistan	Asia	#00BF7D
#00BF7D	1962	47.67	1962	Pakistan	Asia	#00BF7D
#00BF7D	1967	49.8	1967	Pakistan	Asia	#00BF7D
#00BF7D	1972	51.929	1972	Pakistan	Asia	#00BF7D
#00BF7D	1977	54.043	1977	Pakistan	Asia	#00BF7D
#00BF7D	1982	56.158	1982	Pakistan	Asia	#00BF7D
#00BF7D	1987	58.245	1987	Pakistan	Asia	#00BF7D
#00BF7D	1992	60.838	1992	Pakistan	Asia	#00BF7D
#00BF7D	1997	61.818	1997	Pakistan	Asia	#00BF7D
#00BF7D	2002	63.61	2002	Pakistan	Asia	#00BF7D
#00BF7D	2007	65.483	2007	Pakistan	Asia	#00BF7D
#A3A500	1952	55.191	1952	Panama	Americas	#A3A500
#A3A500	1957	59.201	1957	Panama	Americas	#A3A500
#A3A500	1962	61.817	1962	Panama	Americas	#A3A500
#A3A500	1967	64.071	1967	Panama	Americas	#A3A500
#A3A500	1972	66.216	1972	Panama	Americas	#A3A500
#A3A500	1977	68.681	1977	Panama	Americas	#A3A500
#A3A500	1982	70.472	1982	Panama	Americas	#A3A500
#A3A500	1987	71.523	1987	Panama	Americas	#A3A500
#A3A500	1992	72.462	1992	Panama	Americas	#A3A500
#A3A500	1997	73.738	1997	Panama	Americas	#A3A500
#A3A500	2002	74.712	2002	Panama	Americas	#A3A500
#A3A500	2007	75.537	2007	Panama	Americas	#A3A500
#A3A500	1952	62.649	1952	Paraguay	Americas	#A3A500
#A3A500	1957	63.196	1957	Paraguay	Americas	#A3A500
#A3A500	1962	64.361	1962	Paraguay	Americas	#A3A500
#A3A500	1967	64.951	1967	Paraguay	Americas	#A3A500
#A3A500	1972	65.815	1972	Paraguay	Americas	#A3A500
#A3A500	1977	66.353	1977	Paraguay	Americas	#A3A500
#A3A500	1982	66.874	1982	Paraguay	Americas	#A3A500
#A3A500	1987	67.378	1987	Paraguay	Americas	#A3A500
#A3A500	1992	68.225	1992	Paraguay	Americas	#A3A500
#A3A500	1997	69.4	1997	Paraguay	Americas	#A3A500
#A3A500	2002	70.755	2002	Paraguay	Americas	#A3A500
#A3A500	2007	71.752	2007	Paraguay	Americas	#A3A500
#A3A500	1952	43.902	1952	Peru	Americas	#A3A500
#A3A500	1957	46.263	1957	Peru	Americas	#A3A500
#A3A500	1962	49.096	1962	Peru	Americas	#A3A500
#A3A500	1967	51.445	1967	Peru	Americas	#A3A500
#A3A500	1972	55.448	1972	Peru	Americas	#A3A500
#A3A500	1977	58.447	1977	Peru	Americas	#A3A500
#A3A500	1982	61.406	1982	Peru	Americas	#A3A500
#A3A500	1987	64.134	1987	Peru	Americas	#A3A500
#A3A500	1992	66.458	1992	Peru	Americas	#A3A500
#A3A500	1997	68.386	1997	Peru	Americas	#A3A500
#A3A500	2002	69.906	2002	Peru	Americas	#A3A500
#A3A500	2007	71.421	2007	Peru	Americas	#A3A500
#00BF7D	1952	47.752	1952	Philippines	Asia	#00BF7D
#00BF7D	1957	51.334	1957	Philippines	Asia	#00BF7D
#00BF7D	1962	54.757	1962	Philippines	Asia	#00BF7D
#00BF7D	1967	56.393	1967	Philippines	Asia	#00BF7D
#00BF7D	1972	58.065	1972	Philippines	Asia	#00BF7D
#00BF7D	1977	60.06	1977	Philippines	Asia	#00BF7D
#00BF7D	1982	62.082	1982	Philippines	Asia	#00BF7D
#00BF7D	1987	64.151	1987	Philippines	Asia	#00BF7D
#00BF7D	1992	66.458	1992	Philippines	Asia	#00BF7D
#00BF7D	1997	68.564	1997	Philippines	Asia	#00BF7D
#00BF7D	2002	70.303	2002	Philippines	Asia	#00BF7D
#00BF7D	2007	71.688	2007	Philippines	Asia	#00BF7D
#00B0F6	1952	61.31	1952	Poland	Europe	#00B0F6
#00B0F6	1957	65.77	1957	Poland	Europe	#00B0F6
#00B0F6	1962	67.64	1962	Poland	Europe	#00B0F6
#00B0F6	1967	69.61	1967	Poland	Europe	#00B0F6
#00B0F6	1972	70.85	1972	Poland	Europe	#00B0F6
#00B0F6	1977	70.67	1977	Poland	Europe	#00B0F6
#00B0F6	1982	71.32	1982	Poland	Europe	#00B0F6
#00B0F6	1987	70.98	1987	Poland	Europe	#00B0F6
#00B0F6	1992	70.99	1992	Poland	Europe	#00B0F6
#00B0F6	1997	72.75	1997	Poland	Europe	#00B0F6
#00B0F6	2002	74.67	2002	Poland	Europe	#00B0F6
#00B0F6	2007	75.563	2007	Poland	Europe	#00B0F6
#00B0F6	1952	59.82	1952	Portugal	Europe	#00B0F6
#00B0F6	1957	61.51	1957	Portugal	Europe	#00B0F6
#00B0F6	1962	64.39	1962	Portugal	Europe	#00B0F6
#00B0F6	1967	66.6	1967	Portugal	Europe	#00B0F6
#00B0F6	1972	69.26	1972	Portugal	Europe	#00B0F6
#00B0F6	1977	70.41	1977	Portugal	Europe	#00B0F6
#00B0F6	1982	72.77	1982	Portugal	Europe	#00B0F6
#00B0F6	1987	74.06	1987	Portugal	Europe	#00B0F6
#00B0F6	1992	74.86	1992	Portugal	Europe	#00B0F6
#00B0F6	1997	75.97	1997	Portugal	Europe	#00B0F6
#00B0F6	2002	77.29	2002	Portugal	Europe	#00B0F6
#00B0F6	2007	78.098	2007	Portugal	Europe	#00B0F6
#A3A500	1952	64.28	1952	Puerto Rico	Americas	#A3A500
#A3A500	1957	68.54	1957	Puerto Rico	Americas	#A3A500
#A3A500	1962	69.62	1962	Puerto Rico	Americas	#A3A500
#A3A500	1967	71.1	1967	Puerto Rico	Americas	#A3A500
#A3A500	1972	72.16	1972	Puerto Rico	Americas	#A3A500
#A3A500	1977	73.44	1977	Puerto Rico	Americas	#A3A500
#A3A500	1982	73.75	1982	Puerto Rico	Americas	#A3A500
#A3A500	1987	74.63	1987	Puerto Rico	Americas	#A3A500
#A3A500	1992	73.911	1992	Puerto Rico	Americas	#A3A500
#A3A500	1997	74.917	1997	Puerto Rico	Americas	#A3A500
#A3A500	2002	77.778	2002	Puerto Rico	Americas	#A3A500
#A3A500	2007	78.746	2007	Puerto Rico	Americas	#A3A500
#F8766D	1952	52.724	1952	Reunion	Africa	#F8766D
#F8766D	1957	55.09	1957	Reunion	Africa	#F8766D
#F8766D	1962	57.666	1962	Reunion	Africa	#F8766D
#F8766D	1967	60.542	1967	Reunion	Africa	#F8766D
#F8766D	1972	64.274	1972	Reunion	Africa	#F8766D
#F8766D	1977	67.064	1977	Reunion	Africa	#F8766D
#F8766D	1982	69.885	1982	Reunion	Africa	#F8766D
#F8766D	1987	71.913	1987	Reunion	Africa	#F8766D
#F8766D	1992	73.615	1992	Reunion	Africa	#F8766D
#F8766D	1997	74.772	1997	Reunion	Africa	#F8766D
#F8766D	2002	75.744	2002	Reunion	Africa	#F8766D
#F8766D	2007	76.442	2007	Reunion	Africa	#F8766D
#00B0F6	1952	61.05	1952	Romania	Europe	#00B0F6
#00B0F6	1957	64.1	1957	Romania	Europe	#00B0F6
#00B0F6	1962	66.8	1962	Romania	Europe	#00B0F6
#00B0F6	1967	66.8	1967	Romania	Europe	#00B0F6
#00B0F6	1972	69.21	1972	Romania	Europe	#00B0F6
#00B0F6	1977	69.46	1977	Romania	Europe	#00B0F6
#00B0F6	1982	69.66	1982	Romania	Europe	#00B0F6
#00B0F6	1987	69.53	1987	Romania	Europe	#00B0F6
#00B0F6	1992	69.36	1992	Romania	Europe	#00B0F6
#00B0F6	1997	69.72	1997	Romania	Europe	#00B0F6
#00B0F6	2002	71.322	2002	Romania	Europe	#00B0F6
#00B0F6	2007	72.476	2007	Romania	Europe	#00B0F6
#F8766D	1952	40	1952	Rwanda	Africa	#F8766D
#F8766D	1957	41.5	1957	Rwanda	Africa	#F8766D
#F8766D	1962	43	1962	Rwanda	Africa	#F8766D
#F8766D	1967	44.1	1967	Rwanda	Africa	#F8766D
#F8766D	1972	44.6	1972	Rwanda	Africa	#F8766D
#F8766D	1977	45	1977	Rwanda	Africa	#F8766D
#F8766D	1982	46.218	1982	Rwanda	Africa	#F8766D
#F8766D	1987	44.02	1987	Rwanda	Africa	#F8766D
#F8766D	1992	23.599	1992	Rwanda	Africa	#F8766D
#F8766D	1997	36.087	1997	Rwanda	Africa	#F8766D
#F8766D	2002	43.413	2002	Rwanda	Africa	#F8766D
#F8766D	2007	46.242	2007	Rwanda	Africa	#F8766D
#F8766D	1952	46.471	1952	Sao Tome and Principe	Africa	#F8766D
#F8766D	1957	48.945	1957	Sao Tome and Principe	Africa	#F8766D
#F8766D	1962	51.893	1962	Sao Tome and Principe	Africa	#F8766D
#F8766D	1967	54.425	1967	Sao Tome and Principe	Africa	#F8766D
#F8766D	1972	56.48	1972	Sao Tome and Principe	Africa	#F8766D
#F8766D	1977	58.55	1977	Sao Tome and Principe	Africa	#F8766D
#F8766D	1982	60.351	1982	Sao Tome and Principe	Africa	#F8766D
#F8766D	1987	61.728	1987	Sao Tome and Principe	Africa	#F8766D
#F8766D	1992	62.742	1992	Sao Tome and Principe	Africa	#F8766D
#F8766D	1997	63.306	1997	Sao Tome and Principe	Africa	#F8766D
#F8766D	2002	64.337	2002	Sao Tome and Principe	Africa	#F8766D
#F8766D	2007	65.528	2007	Sao Tome and Principe	Africa	#F8766D
#00BF7D	1952	39.875	1952	Saudi Arabia	Asia	#00BF7D
#00BF7D	1957	42.868	1957	Saudi Arabia	Asia	#00BF7D
#00BF7D	1962	45.914	1962	Saudi Arabia	Asia	#00BF7D
#00BF7D	1967	49.901	1967	Saudi Arabia	Asia	#00BF7D
#00BF7D	1972	53.886	1972	Saudi Arabia	Asia	#00BF7D
#00BF7D	1977	58.69	1977	Saudi Arabia	Asia	#00BF7D
#00BF7D	1982	63.012	1982	Saudi Arabia	Asia	#00BF7D
#00BF7D	1987	66.295	1987	Saudi Arabia	Asia	#00BF7D
#00BF7D	1992	68.768	1992	Saudi Arabia	Asia	#00BF7D
#00BF7D	1997	70.533	1997	Saudi Arabia	Asia	#00BF7D
#00BF7D	2002	71.626	2002	Saudi Arabia	Asia	#00BF7D
#00BF7D	2007	72.777	2007	Saudi Arabia	Asia	#00BF7D
#F8766D	1952	37.278	1952	Senegal	Africa	#F8766D
#F8766D	1957	39.329	1957	Senegal	Africa	#F8766D
#F8766D	1962	41.454	1962	Senegal	Africa	#F8766D
#F8766D	1967	43.563	1967	Senegal	Africa	#F8766D
#F8766D	1972	45.815	1972	Senegal	Africa	#F8766D
#F8766D	1977	48.879	1977	Senegal	Africa	#F8766D
#F8766D	1982	52.379	1982	Senegal	Africa	#F8766D
#F8766D	1987	55.769	1987	Senegal	Africa	#F8766D
#F8766D	1992	58.196	1992	Senegal	Africa	#F8766D
#F8766D	1997	60.187	1997	Senegal	Africa	#F8766D
#F8766D	2002	61.6	2002	Senegal	Africa	#F8766D
#F8766D	2007	63.062	2007	Senegal	Africa	#F8766D
#00B0F6	1952	57.996	1952	Serbia	Europe	#00B0F6
#00B0F6	1957	61.685	1957	Serbia	Europe	#00B0F6
#00B0F6	1962	64.531	1962	Serbia	Europe	#00B0F6
#00B0F6	1967	66.914	1967	Serbia	Europe	#00B0F6
#00B0F6	1972	68.7	1972	Serbia	Europe	#00B0F6
#00B0F6	1977	70.3	1977	Serbia	Europe	#00B0F6
#00B0F6	1982	70.162	1982	Serbia	Europe	#00B0F6
#00B0F6	1987	71.218	1987	Serbia	Europe	#00B0F6
#00B0F6	1992	71.659	1992	Serbia	Europe	#00B0F6
#00B0F6	1997	72.232	1997	Serbia	Europe	#00B0F6
#00B0F6	2002	73.213	2002	Serbia	Europe	#00B0F6
#00B0F6	2007	74.002	2007	Serbia	Europe	#00B0F6
#F8766D	1952	30.331	1952	Sierra Leone	Africa	#F8766D
#F8766D	1957	31.57	1957	Sierra Leone	Africa	#F8766D
#F8766D	1962	32.767	1962	Sierra Leone	Africa	#F8766D
#F8766D	1967	34.113	1967	Sierra Leone	Africa	#F8766D
#F8766D	1972	35.4	1972	Sierra Leone	Africa	#F8766D
#F8766D	1977	36.788	1977	Sierra Leone	Africa	#F8766D
#F8766D	1982	38.445	1982	Sierra Leone	Africa	#F8766D
#F8766D	1987	40.006	1987	Sierra Leone	Africa	#F8766D
#F8766D	1992	38.333	1992	Sierra Leone	Africa	#F8766D
#F8766D	1997	39.897	1997	Sierra Leone	Africa	#F8766D
#F8766D	2002	41.012	2002	Sierra Leone	Africa	#F8766D
#F8766D	2007	42.568	2007	Sierra Leone	Africa	#F8766D
#00BF7D	1952	60.396	1952	Singapore	Asia	#00BF7D
#00BF7D	1957	63.179	1957	Singapore	Asia	#00BF7D
#00BF7D	1962	65.798	1962	Singapore	Asia	#00BF7D
#00BF7D	1967	67.946	1967	Singapore	Asia	#00BF7D
#00BF7D	1972	69.521	1972	Singapore	Asia	#00BF7D
#00BF7D	1977	70.795	1977	Singapore	Asia	#00BF7D
#00BF7D	1982	71.76	1982	Singapore	Asia	#00BF7D
#00BF7D	1987	73.56	1987	Singapore	Asia	#00BF7D
#00BF7D	1992	75.788	1992	Singapore	Asia	#00BF7D
#00BF7D	1997	77.158	1997	Singapore	Asia	#00BF7D
#00BF7D	2002	78.77	2002	Singapore	Asia	#00BF7D
#00BF7D	2007	79.972	2007	Singapore	Asia	#00BF7D
#00B0F6	1952	64.36	1952	Slovak Republic	Europe	#00B0F6
#00B0F6	1957	67.45	1957	Slovak Republic	Europe	#00B0F6
#00B0F6	1962	70.33	1962	Slovak Republic	Europe	#00B0F6
#00B0F6	1967	70.98	1967	Slovak Republic	Europe	#00B0F6
#00B0F6	1972	70.35	1972	Slovak Republic	Europe	#00B0F6
#00B0F6	1977	70.45	1977	Slovak Republic	Europe	#00B0F6
#00B0F6	1982	70.8	1982	Slovak Republic	Europe	#00B0F6
#00B0F6	1987	71.08	1987	Slovak Republic	Europe	#00B0F6
#00B0F6	1992	71.38	1992	Slovak Republic	Europe	#00B0F6
#00B0F6	1997	72.71	1997	Slovak Republic	Europe	#00B0F6
#00B0F6	2002	73.8	2002	Slovak Republic	Europe	#00B0F6
#00B0F6	2007	74.663	2007	Slovak Republic	Europe	#00B0F6
#00B0F6	1952	65.57	1952	Slovenia	Europe	#00B0F6
#00B0F6	1957	67.85	1957	Slovenia	Europe	#00B0F6
#00B0F6	1962	69.15	1962	Slovenia	Europe	#00B0F6
#00B0F6	1967	69.18	1967	Slovenia	Europe	#00B0F6
#00B0F6	1972	69.82	1972	Slovenia	Europe	#00B0F6
#00B0F6	1977	70.97	1977	Slovenia	Europe	#00B0F6
#00B0F6	1982	71.063	1982	Slovenia	Europe	#00B0F6
#00B0F6	1987	72.25	1987	Slovenia	Europe	#00B0F6
#00B0F6	1992	73.64	1992	Slovenia	Europe	#00B0F6
#00B0F6	1997	75.13	1997	Slovenia	Europe	#00B0F6
#00B0F6	2002	76.66	2002	Slovenia	Europe	#00B0F6
#00B0F6	2007	77.926	2007	Slovenia	Europe	#00B0F6
#F8766D	1952	32.978	1952	Somalia	Africa	#F8766D
#F8766D	1957	34.977	1957	Somalia	Africa	#F8766D
#F8766D	1962	36.981	1962	Somalia	Africa	#F8766D
#F8766D	1967	38.977	1967	Somalia	Africa	#F8766D
#F8766D	1972	40.973	1972	Somalia	Africa	#F8766D
#F8766D	1977	41.974	1977	Somalia	Africa	#F8766D
#F8766D	1982	42.955	1982	Somalia	Africa	#F8766D
#F8766D	1987	44.501	1987	Somalia	Africa	#F8766D
#F8766D	1992	39.658	1992	Somalia	Africa	#F8766D
#F8766D	1997	43.795	1997	Somalia	Africa	#F8766D
#F8766D	2002	45.936	2002	Somalia	Africa	#F8766D
#F8766D	2007	48.159	2007	Somalia	Africa	#F8766D
#F8766D	1952	45.009	1952	South Africa	Africa	#F8766D
#F8766D	1957	47.985	1957	South Africa	Africa	#F8766D
#F8766D	1962	49.951	1962	South Africa	Africa	#F8766D
#F8766D	1967	51.927	1967	South Africa	Africa	#F8766D
#F8766D	1972	53.696	1972	South Africa	Africa	#F8766D
#F8766D	1977	55.527	1977	South Africa	Africa	#F8766D
#F8766D	1982	58.161	1982	South Africa	Africa	#F8766D
#F8766D	1987	60.834	1987	South Africa	Africa	#F8766D
#F8766D	1992	61.888	1992	South Africa	Africa	#F8766D
#F8766D	1997	60.236	1997	South Africa	Africa	#F8766D
#F8766D	2002	53.365	2002	South Africa	Africa	#F8766D
#F8766D	2007	49.339	2007	South Africa	Africa	#F8766D
#00B0F6	1952	64.94	1952	Spain	Europe	#00B0F6
#00B0F6	1957	66.66	1957	Spain	Europe	#00B0F6
#00B0F6	1962	69.69	1962	Spain	Europe	#00B0F6
#00B0F6	1967	71.44	1967	Spain	Europe	#00B0F6
#00B0F6	1972	73.06	1972	Spain	Europe	#00B0F6
#00B0F6	1977	74.39	1977	Spain	Europe	#00B0F6
#00B0F6	1982	76.3	1982	Spain	Europe	#00B0F6
#00B0F6	1987	76.9	1987	Spain	Europe	#00B0F6
#00B0F6	1992	77.57	1992	Spain	Europe	#00B0F6
#00B0F6	1997	78.77	1997	Spain	Europe	#00B0F6
#00B0F6	2002	79.78	2002	Spain	Europe	#00B0F6
#00B0F6	2007	80.941	2007	Spain	Europe	#00B0F6
#00BF7D	1952	57.593	1952	Sri Lanka	Asia	#00BF7D
#00BF7D	1957	61.456	1957	Sri Lanka	Asia	#00BF7D
#00BF7D	1962	62.192	1962	Sri Lanka	Asia	#00BF7D
#00BF7D	1967	64.266	1967	Sri Lanka	Asia	#00BF7D
#00BF7D	1972	65.042	1972	Sri Lanka	Asia	#00BF7D
#00BF7D	1977	65.949	1977	Sri Lanka	Asia	#00BF7D
#00BF7D	1982	68.757	1982	Sri Lanka	Asia	#00BF7D
#00BF7D	1987	69.011	1987	Sri Lanka	Asia	#00BF7D
#00BF7D	1992	70.379	1992	Sri Lanka	Asia	#00BF7D
#00BF7D	1997	70.457	1997	Sri Lanka	Asia	#00BF7D
#00BF7D	2002	70.815	2002	Sri Lanka	Asia	#00BF7D
#00BF7D	2007	72.396	2007	Sri Lanka	Asia	#00BF7D
#F8766D	1952	38.635	1952	Sudan	Africa	#F8766D
#F8766D	1957	39.624	1957	Sudan	Africa	#F8766D
#F8766D	1962	40.87	1962	Sudan	Africa	#F8766D
#F8766D	1967	42.858	1967	Sudan	Africa	#F8766D
#F8766D	1972	45.083	1972	Sudan	Africa	#F8766D
#F8766D	1977	47.8	1977	Sudan	Africa	#F8766D
#F8766D	1982	50.338	1982	Sudan	Africa	#F8766D
#F8766D	1987	51.744	1987	Sudan	Africa	#F8766D
#F8766D	1992	53.556	1992	Sudan	Africa	#F8766D
#F8766D	1997	55.373	1997	Sudan	Africa	#F8766D
#F8766D	2002	56.369	2002	Sudan	Africa	#F8766D
#F8766D	2007	58.556	2007	Sudan	Africa	#F8766D
#F8766D	1952	41.407	1952	Swaziland	Africa	#F8766D
#F8766D	1957	43.424	1957	Swaziland	Africa	#F8766D
#F8766D	1962	44.992	1962	Swaziland	Africa	#F8766D
#F8766D	1967	46.633	1967	Swaziland	Africa	#F8766D
#F8766D	1972	49.552	1972	Swaziland	Africa	#F8766D
#F8766D	1977	52.537	1977	Swaziland	Africa	#F8766D
#F8766D	1982	55.561	1982	Swaziland	Africa	#F8766D
#F8766D	1987	57.678	1987	Swaziland	Africa	#F8766D
#F8766D	1992	58.474	1992	Swaziland	Africa	#F8766D
#F8766D	1997	54.289	1997	Swaziland	Africa	#F8766D
#F8766D	2002	43.869	2002	Swaziland	Africa	#F8766D
#F8766D	2007	39.613	2007	Swaziland	Africa	#F8766D
#00B0F6	1952	71.86	1952	Sweden	Europe	#00B0F6
#00B0F6	1957	72.49	1957	Sweden	Europe	#00B0F6
#00B0F6	1962	73.37	1962	Sweden	Europe	#00B0F6
#00B0F6	1967	74.16	1967	Sweden	Europe	#00B0F6
#00B0F6	1972	74.72	1972	Sweden	Europe	#00B0F6
#00B0F6	1977	75.44	1977	Sweden	Europe	#00B0F6
#00B0F6	1982	76.42	1982	Sweden	Europe	#00B0F6
#00B0F6	1987	77.19	1987	Sweden	Europe	#00B0F6
#00B0F6	1992	78.16	1992	Sweden	Europe	#00B0F6
#00B0F6	1997	79.39	1997	Sweden	Europe	#00B0F6
#00B0F6	2002	80.04	2002	Sweden	Europe	#00B0F6
#00B0F6	2007	80.884	2007	Sweden	Europe	#00B0F6
#00B0F6	1952	69.62	1952	Switzerland	Europe	#00B0F6
#00B0F6	1957	70.56	1957	Switzerland	Europe	#00B0F6
#00B0F6	1962	71.32	1962	Switzerland	Europe	#00B0F6
#00B0F6	1967	72.77	1967	Switzerland	Europe	#00B0F6
#00B0F6	1972	73.78	1972	Switzerland	Europe	#00B0F6
#00B0F6	1977	75.39	1977	Switzerland	Europe	#00B0F6
#00B0F6	1982	76.21	1982	Switzerland	Europe	#00B0F6
#00B0F6	1987	77.41	1987	Switzerland	Europe	#00B0F6
#00B0F6	1992	78.03	1992	Switzerland	Europe	#00B0F6
#00B0F6	1997	79.37	1997	Switzerland	Europe	#00B0F6
#00B0F6	2002	80.62	2002	Switzerland	Europe	#00B0F6
#00B0F6	2007	81.701	2007	Switzerland	Europe	#00B0F6
#00BF7D	1952	45.883	1952	Syria	Asia	#00BF7D
#00BF7D	1957	48.284	1957	Syria	Asia	#00BF7D
#00BF7D	1962	50.305	1962	Syria	Asia	#00BF7D
#00BF7D	1967	53.655	1967	Syria	Asia	#00BF7D
#00BF7D	1972	57.296	1972	Syria	Asia	#00BF7D
#00BF7D	1977	61.195	1977	Syria	Asia	#00BF7D
#00BF7D	1982	64.59	1982	Syria	Asia	#00BF7D
#00BF7D	1987	66.974	1987	Syria	Asia	#00BF7D
#00BF7D	1992	69.249	1992	Syria	Asia	#00BF7D
#00BF7D	1997	71.527	1997	Syria	Asia	#00BF7D
#00BF7D	2002	73.053	2002	Syria	Asia	#00BF7D
#00BF7D	2007	74.143	2007	Syria	Asia	#00BF7D
#00BF7D	1952	58.5	1952	Taiwan	Asia	#00BF7D
#00BF7D	1957	62.4	1957	Taiwan	Asia	#00BF7D
#00BF7D	1962	65.2	1962	Taiwan	Asia	#00BF7D
#00BF7D	1967	67.5	1967	Taiwan	Asia	#00BF7D
#00BF7D	1972	69.39	1972	Taiwan	Asia	#00BF7D
#00BF7D	1977	70.59	1977	Taiwan	Asia	#00BF7D
#00BF7D	1982	72.16	1982	Taiwan	Asia	#00BF7D
#00BF7D	1987	73.4	1987	Taiwan	Asia	#00BF7D
#00BF7D	1992	74.26	1992	Taiwan	Asia	#00BF7D
#00BF7D	1997	75.25	1997	Taiwan	Asia	#00BF7D
#00BF7D	2002	76.99	2002	Taiwan	Asia	#00BF7D
#00BF7D	2007	78.4	2007	Taiwan	Asia	#00BF7D
#F8766D	1952	41.215	1952	Tanzania	Africa	#F8766D
#F8766D	1957	42.974	1957	Tanzania	Africa	#F8766D
#F8766D	1962	44.246	1962	Tanzania	Africa	#F8766D
#F8766D	1967	45.757	1967	Tanzania	Africa	#F8766D
#F8766D	1972	47.62	1972	Tanzania	Africa	#F8766D
#F8766D	1977	49.919	1977	Tanzania	Africa	#F8766D
#F8766D	1982	50.608	1982	Tanzania	Africa	#F8766D
#F8766D	1987	51.535	1987	Tanzania	Africa	#F8766D
#F8766D	1992	50.44	1992	Tanzania	Africa	#F8766D
#F8766D	1997	48.466	1997	Tanzania	Africa	#F8766D
#F8766D	2002	49.651	2002	Tanzania	Africa	#F8766D
#F8766D	2007	52.517	2007	Tanzania	Africa	#F8766D
#00BF7D	1952	50.848	1952	Thailand	Asia	#00BF7D
#00BF7D	1957	53.63	1957	Thailand	Asia	#00BF7D
#00BF7D	1962	56.061	1962	Thailand	Asia	#00BF7D
#00BF7D	1967	58.285	1967	Thailand	Asia	#00BF7D
#00BF7D	1972	60.405	1972	Thailand	Asia	#00BF7D
#00BF7D	1977	62.494	1977	Thailand	Asia	#00BF7D
#00BF7D	1982	64.597	1982	Thailand	Asia	#00BF7D
#00BF7D	1987	66.084	1987	Thailand	Asia	#00BF7D
#00BF7D	1992	67.298	1992	Thailand	Asia	#00BF7D
#00BF7D	1997	67.521	1997	Thailand	Asia	#00BF7D
#00BF7D	2002	68.564	2002	Thailand	Asia	#00BF7D
#00BF7D	2007	70.616	2007	Thailand	Asia	#00BF7D
#F8766D	1952	38.596	1952	Togo	Africa	#F8766D
#F8766D	1957	41.208	1957	Togo	Africa	#F8766D
#F8766D	1962	43.922	1962	Togo	Africa	#F8766D
#F8766D	1967	46.769	1967	Togo	Africa	#F8766D
#F8766D	1972	49.759	1972	Togo	Africa	#F8766D
#F8766D	1977	52.887	1977	Togo	Africa	#F8766D
#F8766D	1982	55.471	1982	Togo	Africa	#F8766D
#F8766D	1987	56.941	1987	Togo	Africa	#F8766D
#F8766D	1992	58.061	1992	Togo	Africa	#F8766D
#F8766D	1997	58.39	1997	Togo	Africa	#F8766D
#F8766D	2002	57.561	2002	Togo	Africa	#F8766D
#F8766D	2007	58.42	2007	Togo	Africa	#F8766D
#A3A500	1952	59.1	1952	Trinidad and Tobago	Americas	#A3A500
#A3A500	1957	61.8	1957	Trinidad and Tobago	Americas	#A3A500
#A3A500	1962	64.9	1962	Trinidad and Tobago	Americas	#A3A500
#A3A500	1967	65.4	1967	Trinidad and Tobago	Americas	#A3A500
#A3A500	1972	65.9	1972	Trinidad and Tobago	Americas	#A3A500
#A3A500	1977	68.3	1977	Trinidad and Tobago	Americas	#A3A500
#A3A500	1982	68.832	1982	Trinidad and Tobago	Americas	#A3A500
#A3A500	1987	69.582	1987	Trinidad and Tobago	Americas	#A3A500
#A3A500	1992	69.862	1992	Trinidad and Tobago	Americas	#A3A500
#A3A500	1997	69.465	1997	Trinidad and Tobago	Americas	#A3A500
#A3A500	2002	68.976	2002	Trinidad and Tobago	Americas	#A3A500
#A3A500	2007	69.819	2007	Trinidad and Tobago	Americas	#A3A500
#F8766D	1952	44.6	1952	Tunisia	Africa	#F8766D
#F8766D	1957	47.1	1957	Tunisia	Africa	#F8766D
#F8766D	1962	49.579	1962	Tunisia	Africa	#F8766D
#F8766D	1967	52.053	1967	Tunisia	Africa	#F8766D
#F8766D	1972	55.602	1972	Tunisia	Africa	#F8766D
#F8766D	1977	59.837	1977	Tunisia	Africa	#F8766D
#F8766D	1982	64.048	1982	Tunisia	Africa	#F8766D
#F8766D	1987	66.894	1987	Tunisia	Africa	#F8766D
#F8766D	1992	70.001	1992	Tunisia	Africa	#F8766D
#F8766D	1997	71.973	1997	Tunisia	Africa	#F8766D
#F8766D	2002	73.042	2002	Tunisia	Africa	#F8766D
#F8766D	2007	73.923	2007	Tunisia	Africa	#F8766D
#00B0F6	1952	43.585	1952	Turkey	Europe	#00B0F6
#00B0F6	1957	48.079	1957	Turkey	Europe	#00B0F6
#00B0F6	1962	52.098	1962	Turkey	Europe	#00B0F6
#00B0F6	1967	54.336	1967	Turkey	Europe	#00B0F6
#00B0F6	1972	57.005	1972	Turkey	Europe	#00B0F6
#00B0F6	1977	59.507	1977	Turkey	Europe	#00B0F6
#00B0F6	1982	61.036	1982	Turkey	Europe	#00B0F6
#00B0F6	1987	63.108	1987	Turkey	Europe	#00B0F6
#00B0F6	1992	66.146	1992	Turkey	Europe	#00B0F6
#00B0F6	1997	68.835	1997	Turkey	Europe	#00B0F6
#00B0F6	2002	70.845	2002	Turkey	Europe	#00B0F6
#00B0F6	2007	71.777	2007	Turkey	Europe	#00B0F6
#F8766D	1952	39.978	1952	Uganda	Africa	#F8766D
#F8766D	1957	42.571	1957	Uganda	Africa	#F8766D
#F8766D	1962	45.344	1962	Uganda	Africa	#F8766D
#F8766D	1967	48.051	1967	Uganda	Africa	#F8766D
#F8766D	1972	51.016	1972	Uganda	Africa	#F8766D
#F8766D	1977	50.35	1977	Uganda	Africa	#F8766D
#F8766D	1982	49.849	1982	Uganda	Africa	#F8766D
#F8766D	1987	51.509	1987	Uganda	Africa	#F8766D
#F8766D	1992	48.825	1992	Uganda	Africa	#F8766D
#F8766D	1997	44.578	1997	Uganda	Africa	#F8766D
#F8766D	2002	47.813	2002	Uganda	Africa	#F8766D
#F8766D	2007	51.542	2007	Uganda	Africa	#F8766D
#00B0F6	1952	69.18	1952	United Kingdom	Europe	#00B0F6
#00B0F6	1957	70.42	1957	United Kingdom	Europe	#00B0F6
#00B0F6	1962	70.76	1962	United Kingdom	Europe	#00B0F6
#00B0F6	1967	71.36	1967	United Kingdom	Europe	#00B0F6
#00B0F6	1972	72.01	1972	United Kingdom	Europe	#00B0F6
#00B0F6	1977	72.76	1977	United Kingdom	Europe	#00B0F6
#00B0F6	1982	74.04	1982	United Kingdom	Europe	#00B0F6
#00B0F6	1987	75.007	1987	United Kingdom	Europe	#00B0F6
#00B0F6	1992	76.42	1992	United Kingdom	Europe	#00B0F6
#00B0F6	1997	77.218	1997	United Kingdom	Europe	#00B0F6
#00B0F6	2002	78.471	2002	United Kingdom	Europe	#00B0F6
#00B0F6	2007	79.425	2007	United Kingdom	Europe	#00B0F6
#A3A500	1952	68.44	1952	United States	Americas	#A3A500
#A3A500	1957	69.49	1957	United States	Americas	#A3A500
#A3A500	1962	70.21	1962	United States	Americas	#A3A500
#A3A500	1967	70.76	1967	United States	Americas	#A3A500
#A3A500	1972	71.34	1972	United States	Americas	#A3A500
#A3A500	1977	73.38	1977	United States	Americas	#A3A500
#A3A500	1982	74.65	1982	United States	Americas	#A3A500
#A3A500	1987	75.02	1987	United States	Americas	#A3A500
#A3A500	1992	76.09	1992	United States	Americas	#A3A500
#A3A500	1997	76.81	1997	United States	Americas	#A3A500
#A3A500	2002	77.31	2002	United States	Americas	#A3A500
#A3A500	2007	78.242	2007	United States	Americas	#A3A500
#A3A500	1952	66.071	1952	Uruguay	Americas	#A3A500
#A3A500	1957	67.044	1957	Uruguay	Americas	#A3A500
#A3A500	1962	68.253	1962	Uruguay	Americas	#A3A500
#A3A500	1967	68.468	1967	Uruguay	Americas	#A3A500
#A3A500	1972	68.673	1972	Uruguay	Americas	#A3A500
#A3A500	1977	69.481	1977	Uruguay	Americas	#A3A500
#A3A500	1982	70.805	1982	Uruguay	Americas	#A3A500
#A3A500	1987	71.918	1987	Uruguay	Americas	#A3A500
#A3A500	1992	72.752	1992	Uruguay	Americas	#A3A500
#A3A500	1997	74.223	1997	Uruguay	Americas	#A3A500
#A3A500	2002	75.307	2002	Uruguay	Americas	#A3A500
#A3A500	2007	76.384	2007	Uruguay	Americas	#A3A500
#A3A500	1952	55.088	1952	Venezuela	Americas	#A3A500
#A3A500	1957	57.907	1957	Venezuela	Americas	#A3A500
#A3A500	1962	60.77	1962	Venezuela	Americas	#A3A500
#A3A500	1967	63.479	1967	Venezuela	Americas	#A3A500
#A3A500	1972	65.712	1972	Venezuela	Americas	#A3A500
#A3A500	1977	67.456	1977	Venezuela	Americas	#A3A500
#A3A500	1982	68.557	1982	Venezuela	Americas	#A3A500
#A3A500	1987	70.19	1987	Venezuela	Americas	#A3A500
#A3A500	1992	71.15	1992	Venezuela	Americas	#A3A500
#A3A500	1997	72.146	1997	Venezuela	Americas	#A3A500
#A3A500	2002	72.766	2002	Venezuela	Americas	#A3A500
#A3A500	2007	73.747	2007	Venezuela	Americas	#A3A500
#00BF7D	1952	40.412	1952	Vietnam	Asia	#00BF7D
#00BF7D	1957	42.887	1957	Vietnam	Asia	#00BF7D
#00BF7D	1962	45.363	1962	Vietnam	Asia	#00BF7D
#00BF7D	1967	47.838	1967	Vietnam	Asia	#00BF7D
#00BF7D	1972	50.254	1972	Vietnam	Asia	#00BF7D
#00BF7D	1977	55.764	1977	Vietnam	Asia	#00BF7D
#00BF7D	1982	58.816	1982	Vietnam	Asia	#00BF7D
#00BF7D	1987	62.82	1987	Vietnam	Asia	#00BF7D
#00BF7D	1992	67.662	1992	Vietnam	Asia	#00BF7D
#00BF7D	1997	70.672	1997	Vietnam	Asia	#00BF7D
#00BF7D	2002	73.017	2002	Vietnam	Asia	#00BF7D
#00BF7D	2007	74.249	2007	Vietnam	Asia	#00BF7D
#00BF7D	1952	43.16	1952	West Bank and Gaza	Asia	#00BF7D
#00BF7D	1957	45.671	1957	West Bank and Gaza	Asia	#00BF7D
#00BF7D	1962	48.127	1962	West Bank and Gaza	Asia	#00BF7D
#00BF7D	1967	51.631	1967	West Bank and Gaza	Asia	#00BF7D
#00BF7D	1972	56.532	1972	West Bank and Gaza	Asia	#00BF7D
#00BF7D	1977	60.765	1977	West Bank and Gaza	Asia	#00BF7D
#00BF7D	1982	64.406	1982	West Bank and Gaza	Asia	#00BF7D
#00BF7D	1987	67.046	1987	West Bank and Gaza	Asia	#00BF7D
#00BF7D	1992	69.718	1992	West Bank and Gaza	Asia	#00BF7D
#00BF7D	1997	71.096	1997	West Bank and Gaza	Asia	#00BF7D
#00BF7D	2002	72.37	2002	West Bank and Gaza	Asia	#00BF7D
#00BF7D	2007	73.422	2007	West Bank and Gaza	Asia	#00BF7D
#00BF7D	1952	32.548	1952	Yemen, Rep.	Asia	#00BF7D
#00BF7D	1957	33.97	1957	Yemen, Rep.	Asia	#00BF7D
#00BF7D	1962	35.18	1962	Yemen, Rep.	Asia	#00BF7D
#00BF7D	1967	36.984	1967	Yemen, Rep.	Asia	#00BF7D
#00BF7D	1972	39.848	1972	Yemen, Rep.	Asia	#00BF7D
#00BF7D	1977	44.175	1977	Yemen, Rep.	Asia	#00BF7D
#00BF7D	1982	49.113	1982	Yemen, Rep.	Asia	#00BF7D
#00BF7D	1987	52.922	1987	Yemen, Rep.	Asia	#00BF7D
#00BF7D	1992	55.599	1992	Yemen, Rep.	Asia	#00BF7D
#00BF7D	1997	58.02	1997	Yemen, Rep.	Asia	#00BF7D
#00BF7D	2002	60.308	2002	Yemen, Rep.	Asia	#00BF7D
#00BF7D	2007	62.698	2007	Yemen, Rep.	Asia	#00BF7D
#F8766D	1952	42.038	1952	Zambia	Africa	#F8766D
#F8766D	1957	44.077	1957	Zambia	Africa	#F8766D
#F8766D	1962	46.023	1962	Zambia	Africa	#F8766D
#F8766D	1967	47.768	1967	Zambia	Africa	#F8766D
#F8766D	1972	50.107	1972	Zambia	Africa	#F8766D
#F8766D	1977	51.386	1977	Zambia	Africa	#F8766D
#F8766D	1982	51.821	1982	Zambia	Africa	#F8766D
#F8766D	1987	50.821	1987	Zambia	Africa	#F8766D
#F8766D	1992	46.1	1992	Zambia	Africa	#F8766D
#F8766D	1997	40.238	1997	Zambia	Africa	#F8766D
#F8766D	2002	39.193	2002	Zambia	Africa	#F8766D
#F8766D	2007	42.384	2007	Zambia	Africa	#F8766D
#F8766D	1952	48.451	1952	Zimbabwe	Africa	#F8766D
#F8766D	1957	50.469	1957	Zimbabwe	Africa	#F8766D
#F8766D	1962	52.358	1962	Zimbabwe	Africa	#F8766D
#F8766D	1967	53.995	1967	Zimbabwe	Africa	#F8766D
#F8766D	1972	55.635	1972	Zimbabwe	Africa	#F8766D
#F8766D	1977	57.674	1977	Zimbabwe	Africa	#F8766D
#F8766D	1982	60.363	1982	Zimbabwe	Africa	#F8766D
#F8766D	1987	62.351	1987	Zimbabwe	Africa	#F8766D
#F8766D	1992	60.377	1992	Zimbabwe	Africa	#F8766D
#F8766D	1997	46.809	1997	Zimbabwe	Africa	#F8766D
#F8766D	2002	39.989	2002	Zimbabwe	Africa	#F8766D
#F8766D	2007	43.487	2007	Zimbabwe	Africa	#F8766D
